account_id,2005,2006,2007,2008,2009,2010,2011,2012,2013,2014,2015,2016,2017,2018,2019,2020,2021,2022,2023,2024,2025,2026,2027,2028,2029,2030
1020625,,,,,,,,,,,,,,,,,,,,,,,,,,
106049,,,,,,,,1945,2523,1060,1295,1101,1473,1062,1247,,,,,,,,,,,
106068,,,,,,,,2130,,6292,2360,2049,623,396,550,274,,,,,,,,,,
106071,,,,,,,,7456718,,13248289,7400795,8438841,9245535,9879100,10452411,4165343,,,,,,,,,,
106088,,,,,,,,,,13,,,,,,,,,,,,,,,,
106089,,,,,,,,53704,,39546,38666,38877,,,,,,,,,,,,,,
106090,,,,,,,,18,,,,,,,,,,,,,,,,,,
106091,,,,,,,,5785,7000,1308,5118,3666,989,2074,1664,250,,,,,,,,,,
106092,,,,,,,,945,,,54,181,271,170,193,,,,,,,,,,,
106093,,,,,,,,12,,,,,,,,,,,,,,,,,,
106094,,,,,,,,161,,,,,,,,,,,,,,,,,,
106095,,,,,,,,131,,,,,,,,,,,,,,,,,,
106096,,,,,,,,148,,,,,,,,,,,,,,,,,,
106097,,,,,,,,1091893,,1246713,504354,558580,,,,,,,,,,,,,,
106098,,,,,,,,73756,,130818,57451,48408,60230,24835,29119,39119,,,,,,,,,,
106099,,,,,,,,10159,,22645,9558,7902,7755,6910,9513,,,,,,,,,,,
106100,,,,,,,,280163,,77198,53092,58077,56478,54526,79721,21233,,,,,,,,,,
106101,,,,,,,,117058,,29139,14581,16357,18327,15210,14526,17594,,,,,,,,,,
106102,,,,,,,,370,,488,95,97,,197,327,,,,,,,,,,,
106103,,,,,,,,82259,,125594,61092,,,,,,,,,,,,,,,
106104,,,,,,,,747,,,,,,,,,,,,,,,,,,
106105,,,,,,,,1228129,,76631,13623,349,244,250,238,,,,,,,,,,,
106106,,,,,,,,81,,,,,,,,,,,,,,,,,,
106107,,,,,,,,102,,,,,,,,,,,,,,,,,,
106108,,,,,,,,12,,52,41,19,16,41,39,,,,,,,,,,,
106110,,,,,,,,276,,,,,,,,,,,,,,,,,,
106112,,,,,,,,65,,46,153,160,61,91,91,,,,,,,,,,,
106113,,,,,,,,851757,,1203591,616600,762960,845384,826826,861113,349928,,,,,,,,,,
106114,,,,,,,,2543550,,5036541,2564213,2658086,2679389,2703408,2598139,898283,,,,,,,,,,
106115,,,,,,,,4107,,6777,3670,3260,3568,2511,988,62,,,,,,,,,,
106126,,,,,,,,,,121,123,,95,103,55,,,,,,,,,,,
106127,,,,,,,,172816,,139495,56722,50830,53719,,,,,,,,,,,,,
106128,,,,,,,,21303,,143055,74947,73139,77851,94914,158946,50358,,,,,,,,,,
106130,,,,,,,,9874,,,,,,,,,,,,,,,,,,
106132,,,,,,,,94,,110,21,9,3,32,126,25,,,,,,,,,,
106133,,,,,,,,,,22,,,,,,,,,,,,,,,,
106136,,,,,,,,85,,162,65,108,208,,16,,,,,,,,,,,
106138,,,,,,,,45781,,,,,,,,,,,,,,,,,,
106153,,,,,,,,423,486,,,,,,,,,,,,,,,,,
106154,,,,,,,,,23,,,,,119,,,,,,,,,,,,
106155,,,,,,,,785829,,1391877,684179,764877,1014375,1216774,1348445,268700,,,,,,,,,,
106156,,,,,,,,290,,425,127,198,246,59,,,,,,,,,,,,
106157,,,,,,,,1264582,,2915542,1840120,2014935,1995184,2167198,2192251,628048,,,,,,,,,,
106158,,,,,,,,10852,,21628,11470,9648,8722,6763,6230,,,,,,,,,,,
106159,,,,,,,,474581,,592663,217758,207406,167843,102266,145622,20590,,,,,,,,,,
106162,,,,,,,,242974,,1679,,,,,,,,,,,,,,,,
106163,,,,,,,,38710,,43477,25091,23687,22595,36700,41199,43023,,,,,,,,,,
106164,,,,,,,,97,,,,,,,,,,,,,,,,,,
106165,,,,,,,,15,,,,,,,,,,,,,,,,,,
106167,,,,,,,,,,14,,,,,,,,,,,,,,,,
106168,,,,,,,,302,,,,,,,,,,,,,,,,,,
106169,,,,,,,,204227,,36093,24344,29593,32079,30120,19267,11152,,,,,,,,,,
106173,,,,,,,,438,,726,,126,244,438,518,,,,,,,,,,,
106174,,,,,,,,238,,1834,1766,8137,7711,5533,1796,197,,,,,,,,,,
106176,,,,,,,,2264,,139,50,67,67,19,52,64,,,,,,,,,,
106177,,,,,,,,136,,,,,,,,,,,,,,,,,,
106178,,,,,,,,206066,,,,,,,,,,,,,,,,,,
106181,,,,,,,,,,,,,,,,,,,,,,,,,,
106182,,,,,,,,39572,,69854,34372,31520,10357,10414,11545,5202,,,,,,,,,,
106183,,,,,,,,,,7,,25,,56,,,,,,,,,,,,
106185,,,,,,,,3599,,6636,3563,4264,4036,3794,3968,,,,,,,,,,,
106186,,,,,,,,76,,,,149,54,81,,,,,,,,,,,,
106187,,,,,,,,56,,151,,,72,124,,,,,,,,,,,,
106188,,,,,,,,896,,1092,641,941,493,320,,,,,,,,,,,,
106192,,,,,,,,27303,,51556,5352,,,,,,,,,,,,,,,
106193,,,,,,,,311,,578,436,782,542,598,381,,,,,,,,,,,
106194,,,,,,,,81,,222,70,,,76,,,,,,,,,,,,
106196,,,,,,,,193,,,,,,,,,,,,,,,,,,
106197,,,,,,,,234,,,,,,,,,,,,,,,,,,
106199,,,,,,,,89,,281,15,17,47,,65,,,,,,,,,,,
106208,,,,,,,,2415,,2885,1694,1777,2677,4686,3688,,,,,,,,,,,
106209,,,,,,,,697,,993,345,,368,175,131,,,,,,,,,,,
106228,,,,,,,,15,,,,,,,,,,,,,,,,,,
106229,,,,,,,,68,,,,,,,,,,,,,,,,,,
106230,,,,,,,,38832,,77599,46215,54688,63342,59759,100134,,,,,,,,,,,
106231,,,,,,,,77,,187,79,99,57,58,38,,,,,,,,,,,
106232,,,,,,,,5245,,14529,,,,,,,,,,,,,,,,
106234,,,,,,,,1901994,,3228878,1484690,1484436,1420336,1459157,1457057,598541,,,,,,,,,,
106237,,,,,,,,2036,,2515,1591,633,476,542,880,2660,,,,,,,,,,
106240,,,,,,,,29,,,,,,,,,,,,,,,,,,
106241,,,,,,,,146,22,,,,,,,,,,,,,,,,,
106243,,,,,,,,159,,,,,,,,,,,,,,,,,,
106245,,,,,,,,149622,,303233,156251,152653,153438,161202,157363,154683,,,,,,,,,,
106246,,,,,,,,16376,,30127,,13410,,,,,,,,,,,,,,
106247,,,,,,,,250,,,,,,,,,,,,,,,,,,
106249,,,,,,,,,,,,,,,,,,,,,,,,,,
106250,,,,,,,,64965,,,,,,,,,,,,,,,,,,
106251,,,,,,,,17,,,,,,,,,,,,,,,,,,
106252,,,,,,,,439,,,489,1198,1005,1460,1104,854,,,,,,,,,,
106253,,,,,,,,94,,102,170,217,71,8,,,,,,,,,,,,
106254,,,,,,,,198,,,,,,,,,,,,,,,,,,
106256,,,,,,,,864,,,,,,,,,,,,,,,,,,
106257,,,,,,,,19,,,,,,,,,,,,,,,,,,
106258,,,,,,,,190533,,253227,112879,127857,80276,35928,,,,,,,,,,,,
106259,,,,,,,,96451,,1748,2912,1245,2718,1687,,,,,,,,,,,,
106260,,,,,,,,76,,77,139,68,81,35,,,,,,,,,,,,
106262,,,,,,,,2,,,,,,,,,,,,,,,,,,
106270,,,,,,,,2758,,7278,167,,,89,,473,,,,,,,,,,
106271,,,,,,,,3532,28,9749,6290,2305,475,2313,2083,270,,,,,,,,,,
106272,,,,,,,,22,,,,,,,,,,,,,,,,,,
106273,,,,,,,,,,,,,,,,,,,,,,,,,,
106275,,,,,,,,140553,,6015,2766,1768,1636,1833,1435,833,,,,,,,,,,
106276,,,,,,,,59,,,,,,,,,,,,,,,,,,
106279,,,,,,,,35,,,,,,,,,,,,,,,,,,
106282,,,,,,,,,,,,,,,,,,,,,,,,,,
106283,,,,,,,,,,228,25,62,35,92,101,16,,,,,,,,,,
106284,,,,,,,,,,2844,,,,,,,,,,,,,,,,
106285,,,,,,,,76,,,,,,,,,,,,,,,,,,
106287,,,,,,,,42,,,,,,,,,,,,,,,,,,
106290,,,,,,,,,,,25,,,,,,,,,,,,,,,
106291,,,,,,,,6482,,,,8516,6878,6401,5919,,,,,,,,,,,
106294,,,,,,,,5,,,,,,,,,,,,,,,,,,
106297,,,,,,,,333,,653,382,254,303,501,188,,,,,,,,,,,
106299,,,,,,,,761092,,457740,245175,290158,307421,338087,360183,116314,,,,,,,,,,
106300,,,,,,,,24,,22,,,,,,,,,,,,,,,,
106306,,,,,,,,,34,,,,,,,,,,,,,,,,,
106309,,,,,,,,,,4638,,,,,,,,,,,,,,,,
106310,,,,,,,,297,,,,,,,,,,,,,,,,,,
106311,,,,,,,,181,,,,,,,,,,,,,,,,,,
106319,,,,,,,,40,,,,,,,,,,,,,,,,,,
106320,,,,,,,,51,,173,,73,73,79,80,,,,,,,,,,,
106321,,,,,,,,79,1336,279,325,374,265,268,,,,,,,,,,,,
106322,,,,,,,,47709,,46814,21425,14524,14225,12071,5357,,,,,,,,,,,
106326,,,,,,,,14,,,,,,,,,,,,,,,,,,
106327,,,,,,,,87,,,,,,,,,,,,,,,,,,
106338,,,,,,,,2974,,5228,3066,3121,2912,2948,2432,1246,,,,,,,,,,
106339,,,,,,,,580,491,,,,,,,,,,,,,,,,,
106340,,,,,,,,157,,,,,,,,,,,,,,,,,,
106362,,,,,,,,52,,,,,,,,,,,,,,,,,,
106366,,,,,,,,1196146,,1279215,733718,825887,833038,916943,920145,,,,,,,,,,,
106369,,,,,,,,1298,,2464,1497,,,,,,,,,,,,,,,
106371,,,,,,,,803,,1154,561,530,,,,,,,,,,,,,,
106381,,,,,,,,79,,,,,,,,,,,,,,,,,,
106385,,,,,,,,19777,,26947,9886,10650,13001,12281,8610,4720,,,,,,,,,,
106388,,,,,,,,60521,,11154,,,,,,,,,,,,,,,,
106395,,,,,,,,,,68,,,107,,,,,,,,,,,,,
106429,,,,,,,,30396,,8452,,,,,,,,,,,,,,,,
106433,,,,,,,,140,,227,159,93,114,155,222,77,,,,,,,,,,
106453,,,,,,,,38041,,32732,12945,11183,11093,10834,9924,10399,,,,,,,,,,
106457,,,,,,,,31221,,46398,22575,13419,48601,67806,90516,81785,,,,,,,,,,
106467,,,,,,,,,,,,,,,,,,,,,,,,,,
106472,,,,,,,,697217,,1225612,682940,696056,739791,780508,791551,212198,,,,,,,,,,
106479,,,,,,,,112,,,,,,,,,,,,,,,,,,
106512,,,,,,,,306,,,,,212,230,166,,,,,,,,,,,
106513,,,,,,,,756,740,,,,,,,,,,,,,,,,,
106516,,,,,,,,,,,,,,,,,,,,,,,,,,
106549,,,,,,,,9404,,17016,6813,6799,4098,888,,,,,,,,,,,,
106558,,,,,,,,222,,,,,,,,,,,,,,,,,,
106560,,,,,,,,30,,,,,,,,,,,,,,,,,,
106563,,,,,,,,1443585,,1619960,795322,813632,831075,848646,881263,217768,,,,,,,,,,
106564,,,,,,,,,,,,,,,,,,,,,,,,,,
106575,,,,,,,,15,,,,,,,,,,,,,,,,,,
106577,,,,,,,,2198,,4542,2055,2138,2565,1849,1527,707,,,,,,,,,,
106578,,,,,,,,59,,63,,,,,,,,,,,,,,,,
106580,,,,,,,,181607,,179011,41949,51766,75855,,,,,,,,,,,,,
106585,,,,,,,,566773,,934779,503663,593118,624001,573794,,,,,,,,,,,,
106589,,,,,,,,1,,36,,,,,,,,,,,,,,,,
106592,,,,,,,,4,14,,,,,,,,,,,,,,,,,
106593,,,,,,,,156134,,107773,56300,39468,39093,39570,36201,7501,,,,,,,,,,
106598,,,,,,,,725,,,,,,,,,,,,,,,,,,
106599,,,,,,,,1369,,85,,243,67,109,35,,,,,,,,,,,
106602,,,,,,,,311,,733,367,289,266,144,84,,,,,,,,,,,
106605,,,,,,,,23567,,22101,,,8073,,,5498,,,,,,,,,,
106606,,,,,,,,9,,,,,,,,,,,,,,,,,,
106607,,,,,,,,17116,,26258,12560,10215,82,84,1014,113,,,,,,,,,,
106608,,,,,,,,5500,,140325,53135,4690,5605,9157,8843,10061,,,,,,,,,,
106610,,,,,,,,3388,,3891,1898,1567,3393,1217,302,264,,,,,,,,,,
106615,,,,,,,,200,,422,394,116,,,,,,,,,,,,,,
106619,,,,,,,,83,,,,,,,,,,,,,,,,,,
106623,,,,,,,,455,,,,,,,,,,,,,,,,,,
106636,,,,,,,,2465,,,,,,,,,,,,,,,,,,
106639,,,,,,,,65,,,,,,,,,,,,,,,,,,
106644,,,,,,,,140,,,,,,,,,,,,,,,,,,
106647,,,,,,,,200809,,15912,4122,3677,5734,4429,6158,,,,,,,,,,,
106652,,,,,,,,17,,,,,53,,,,,,,,,,,,,
106659,,,,,,,,228,,,,,,,,,,,,,,,,,,
106660,,,,,,,,246,,259,,,,,,,,,,,,,,,,
106663,,,,,,,,3388,,4201,1538,1189,1255,689,1142,2713,,,,,,,,,,
106671,,,,,,,,603712,,345619,171352,182336,196870,199164,187038,15623,,,,,,,,,,
106672,,,,,,,,,56,,,,,,,,,,,,,,,,,
106677,,,,,,,,132326,,155439,73092,72158,63197,60083,95669,,,,,,,,,,,
106686,,,,,,,,199705,,110270,65708,97483,108619,96971,91872,18593,,,,,,,,,,
106698,,,,,,,,70,,,,11,,,,,,,,,,,,,,
106701,,,,,,,,242,,330,1041,,,,,,,,,,,,,,,
106726,,,,,,,,214059,,333541,192372,263053,271750,293276,279741,75416,,,,,,,,,,
106736,,,,,,,,705298,,914232,534212,568261,529828,591003,671722,252710,,,,,,,,,,
106775,,,,,,,,74374,,,,,3107,,,,,,,,,,,,,
106779,,,,,,,,,,,,,,,,,,,,,,,,,,
106780,,,,,,,,39515,,71373,41141,40414,49213,48539,47038,18536,,,,,,,,,,
106794,,,,,,,,236,,,,,,,,,,,,,,,,,,
106803,,,,,,,,440943,,317328,153896,177533,194133,192498,188820,40852,,,,,,,,,,
106804,,,,,,,,88064,,2154,,,,,,,,,,,,,,,,
106814,,,,,,,,6165,,6122,1747,1289,53,67,214,357,,,,,,,,,,
106849,,,,,,,,52,,109,,,,,,,,,,,,,,,,
106850,,,,,,,,102,,302,170,,,,,,,,,,,,,,,
106851,,,,,,,,891,,,,,,,,,,,,,,,,,,
106852,,,,,,,,30,,,,,,,,,,,,,,,,,,
106853,,,,,,,,147,,210,124,76,91,126,251,62,,,,,,,,,,
106854,,,,,,,,3968,,8240,4184,3299,4933,4204,4434,7846,,,,,,,,,,
106856,,,,,,,,1528,,587,233,268,,,,,,,,,,,,,,
106857,,,,,,,,39,,,,,,,,,,,,,,,,,,
106858,,,,,,,,,,,,,,,,,,,,,,,,,,
106859,,,,,,,,312,,575,438,261,277,448,536,144,,,,,,,,,,
106860,,,,,,,,42,,,,,,,,,,,,,,,,,,
106861,,,,,,,,35,,,,,,,,,,,,,,,,,,
106862,,,,,,,,70,,,,,,,,,,,,,,,,,,
106863,,,,,,,,69,,,,,,,,,,,,,,,,,,
106865,,,,,,,,136,1712,2552,1095,,,,,,,,,,,,,,,
106871,,,,,,,,12,,,,,134,64,,,,,,,,,,,,
106873,,,,,,,,49,,,159,81,124,,58,,,,,,,,,,,
106874,,,,,,,,9,,,,,,,,,,,,,,,,,,
106876,,,,,,,,136,,254,205,105,194,349,138,12,,,,,,,,,,
106877,,,,,,,,261,,,,,,,,,,,,,,,,,,
106882,,,,,,,,8,,,,,,,,,,,,,,,,,,
106885,,,,,,,,102,,48,,,,,,,,,,,,,,,,
106886,,,,,,,,36,,,50,,,75,72,,,,,,,,,,,
106887,,,,,,,,172,,445,91,159,,,,,,,,,,,,,,
106888,,,,,,,,161,,291,246,180,276,219,169,,,,,,,,,,,
106890,,,,,,,,5,,,,,,,,,,,,,,,,,,
106891,,,,,,,,103,,338,263,130,125,68,94,,,,,,,,,,,
106892,,,,,,,,661,,,,,,,,,,,,,,,,,,
106895,,,,,,,,9,,,,,,,,,,,,,,,,,,
106896,,,,,,,,153096,,271037,163617,174508,178741,195578,195264,83380,,,,,,,,,,
106897,,,,,,,,54,,,,,,,,,,,,,,,,,,
106899,,,,,,,,35,,98,,119,150,111,59,,,,,,,,,,,
106902,,,,,,,,1416203,,103358,52385,52486,57213,53143,54349,32890,,,,,,,,,,
106903,,,,,,,,177407,,370066,217975,250975,275155,306776,325664,73482,,,,,,,,,,
106911,,,,,,,,,15,,,,,,,,,,,,,,,,,
106912,,,,,,,,926,,,1011,1685,2000,1527,1712,1270,,,,,,,,,,
106914,,,,,,,,144,,,,,,,,,,,,,,,,,,
106919,,,,,,,,886,,686,164,208,155,172,167,124,,,,,,,,,,
106926,,,,,,,,24218,,57282,31774,30594,28367,28619,23995,,,,,,,,,,,
106927,,,,,,,,944,,,,,,,,,,,,,,,,,,
106928,,,,,,,,379,,,,,,,,,,,,,,,,,,
106929,,,,,,,,407,,,,,204,,36,,,,,,,,,,,
106931,,,,,,,,9,,,,,,,,,,,,,,,,,,
106932,,,,,,,,115,,108,,9,,74,,,,,,,,,,,,
106934,,,,,,,,150,,,,,,118,96,,,,,,,,,,,
106935,,,,,,,,1022,,3062,1762,1840,1800,2240,1492,,,,,,,,,,,
106936,,,,,,,,19018,,24372,10925,14161,19475,18092,,,,,,,,,,,,
106937,,,,,,,,190,,,,,,,,,,,,,,,,,,
106938,,,,,,,,18,,,,,,,,,,,,,,,,,,
106940,,,,,,,,,,,,,,,,,,,,,,,,,,
106949,,,,,,,,63,,,,,,,,,,,,,,,,,,
106952,,,,,,,,,,,16,,,36,62,,,,,,,,,,,
106953,,,,,,,,,,,,,,,,,,,,,,,,,,
106956,,,,,,,,15567,,25947,3834,,,,,,,,,,,,,,,
106957,,,,,,,,24,1185,1835,,802,993,,773,,,,,,,,,,,
106965,,,,,,,,127,,,,,,,,,,,,,,,,,,
106967,,,,,,,,,,,,,,,,,,,,,,,,,,
106969,,,,,,,,,,19393,,13709,10923,11634,13645,32888,,,,,,,,,,
106970,,,,,,,,1258,,2908,1177,1057,478,253,33,,,,,,,,,,,
106974,,,,,,,,14,,,,,,,,,,,,,,,,,,
106989,,,,,,,,31915,,42043,22713,25344,21772,19756,20312,3277,,,,,,,,,,
106990,,,,,,,,,,,,,,,,,,,,,,,,,,
106991,,,,,,,,378416,,1763,216,431,601,1254,1752,,,,,,,,,,,
106992,,,,,,,,1389,,2131,1213,1573,1283,1304,,960,,,,,,,,,,
107049,,,,,,,,10,,,,,,,,,,,,,,,,,,
107050,,,,,,,,22858,,343,27,156,,,,,,,,,,,,,,
107051,,,,,,,,,,,,,,,,,,,,,,,,,,
107057,,,,,,,,208,,,,,,,,,,,,,,,,,,
107058,,,,,,,,151,,,,,,,,,,,,,,,,,,
107060,,,,,,,,,,,34,,,,,,,,,,,,,,,
107062,,,,,,,,19,,,,,,,,,,,,,,,,,,
107063,,,,,,,,351486,,12665,26693,25815,24533,25952,27895,21024,,,,,,,,,,
107067,,,,,,,,25,,,,,,,,,,,,,,,,,,
107070,,,,,,,,192,,,,,,,,,,,,,,,,,,
107078,,,,,,,,8620,,15350,6619,5908,,,,,,,,,,,,,,
107079,,,,,,,,135,,,,,,,99,,,,,,,,,,,
107080,,,,,,,,10526,,21631,10443,17647,18001,15941,,,,,,,,,,,,
107081,,,,,,,,106,,,,,,,,,,,,,,,,,,
107084,,,,,,,,,,,,,,,,,,,,,,,,,,
107085,,,,,,,,3941,,7554,1526,1635,790,1861,1733,41,,,,,,,,,,
107088,,,,,,,,19,,,,,,,,,,,,,,,,,,
107089,,,,,,,,419,,,,,,,,,,,,,,,,,,
107091,,,,,,,,10220,,,,,,,,,,,,,,,,,,
107098,,,,,,,,19,,,,,,,,,,,,,,,,,,
107109,,,,,,,,25,,,,,,,,,,,,,,,,,,
107111,,,,,,,,831,,953,974,,,,,,,,,,,,,,,
107120,,,,,,,,20,,,,,,,,,,,,,,,,,,
107126,,,,,,,,2279317,,1454672,766224,857069,903316,960503,953555,145426,,,,,,,,,,
107127,,,,,,,,152,63,,,,,,,,,,,,,,,,,
107128,,,,,,,,,,,,59,,,,,,,,,,,,,,
107129,,,,,,,,119,,,,,,,,,,,,,,,,,,
107130,,,,,,,,33,,,,,,,,,,,,,,,,,,
107131,,,,,,,,424,,,,,,,,,,,,,,,,,,
107132,,,,,,,,1434,,1147,,,,,,,,,,,,,,,,
107140,,,,,,,,13,,,,,,,,,,,,,,,,,,
107143,,,,,,,,45785,,587,1006,674,579,644,679,744,,,,,,,,,,
107157,,,,,,,,,,,,,,,,,,,,,,,,,,
107169,,,,,,,,35,,,,,,,,,,,,,,,,,,
107212,,,,,,,,89,,,,,,,,,,,,,,,,,,
107214,,,,,,,,,,361,165,246,401,422,354,,,,,,,,,,,
107219,,,,,,,,751,,799,702,922,865,920,556,343,,,,,,,,,,
107220,,,,,,,,29162,,11022,6850,6246,8181,8482,8286,3122,,,,,,,,,,
107221,,,,,,,,10,,,,48,,,,,,,,,,,,,,
107230,,,,,,,,268,,,,,,,,,,,,,,,,,,
107232,,,,,,,,19,,,,,,,,,,,,,,,,,,
107235,,,,,,,,33,,,,,,,,,,,,,,,,,,
107241,,,,,,,,14,,,,,,,,,,,,,,,,,,
107242,,,,,,,,54,,107,30,,19,,,,,,,,,,,,,
107243,,,,,,,,29,,57,148,48,65,,60,,,,,,,,,,,
107244,,,,,,,,2,,,,,51,,59,,,,,,,,,,,
107253,,,,,,,,151,,,,,,,,,,,,,,,,,,
107257,,,,,,,,82827,,362596,273786,352661,434468,536064,209451,386031,,,,,,,,,,
107259,,,,,,,,18,,,,,,,,,,,,,,,,,,
107261,,,,,,,,,,,,,,,,,,,,,,,,,,
107269,,,,,,,,253,,,,,,,,,,,,,,,,,,
107274,,,,,,,,135,,370,,,,,,,,,,,,,,,,
107279,,,,,,,,432,,,,,,,,,,,,,,,,,,
107284,,,,,,,,27322,,72984,,,,,,,,,,,,,,,,
107287,,,,,,,,375641,,487174,267184,292365,290955,310319,285684,57839,,,,,,,,,,
107288,,,,,,,,312,,492,485,193,167,159,172,,,,,,,,,,,
107289,,,,,,,,,,,,,,,,,,,,,,,,,,
107300,,,,,,,,60,,3,,31,49,,,,,,,,,,,,,
107305,,,,,,,,148,,,,,,,,,,,,,,,,,,
107315,,,,,,,,30,,,96,77,7,107,35,,,,,,,,,,,
107330,,,,,,,,53938,,2286,1415,1340,1490,1230,285,,,,,,,,,,,
107337,,,,,,,,1278,,106,73,48,94,99,117,,,,,,,,,,,
107338,,,,,,,,,,,7,,,,,,,,,,,,,,,
107342,,,,,,,,55,,,,,,,,,,,,,,,,,,
107355,,,,,,,,69,,,132,,,,,,,,,,,,,,,
107358,,,,,,,,42,,,,,,,,,,,,,,,,,,
107416,,,,,,,,38690,,54004,31569,32561,47331,33127,49743,20584,,,,,,,,,,
107419,,,,,,,,58,,,,,,,,,,,,,,,,,,
107421,,,,,,,,19,,,,,,,,,,,,,,,,,,
107423,,,,,,,,29,,,,671,,,,,,,,,,,,,,
107424,,,,,,,,21,,,,,,,,,,,,,,,,,,
107426,,,,,,,,28,,,,,,,,,,,,,,,,,,
107428,,,,,,,,4,,,,,,,,,,,,,,,,,,
107434,,,,,,,,,19,,,,,,,,,,,,,,,,,
107437,,,,,,,,368,,423,,,,,,,,,,,,,,,,
107438,,,,,,,,24,,,,,,,,,,,,,,,,,,
107457,,,,,,,,33,,,,,,,,,,,,,,,,,,
107463,,,,,,,,151,,,,,,,,,,,,,,,,,,
107469,,,,,,,,11,,,,,,,,,,,,,,,,,,
107471,,,,,,,,69,,,,,,,,,,,,,,,,,,
107478,,,,,,,,85,,25,85,37,70,87,115,,,,,,,,,,,
107483,,,,,,,,196,,320,88,,,,,,,,,,,,,,,
107498,,,,,,,,125,,44,,,,,16,,,,,,,,,,,
107524,,,,,,,,378,,,,,,,,,,,,,,,,,,
107525,,,,,,,,182,,,,,,,,,,,,,,,,,,
107533,,,,,,,,45192,,12741,1585,4717,11334,12008,11925,3532,,,,,,,,,,
107534,,,,,,,,36,,,,,,,,,,,,,,,,,,
107535,,,,,,,,15,,,,,,,,,,,,,,,,,,
107537,,,,,,,,,,,,,,,,,,,,,,,,,,
107538,,,,,,,,15514,,12667,11704,12496,16402,21862,11720,,,,,,,,,,,
107541,,,,,,,,,441,900,148,,408,,,,,,,,,,,,,
107544,,,,,,,,89,,,,,,,,,,,,,,,,,,
107545,,,,,,,,4,,,9,11,,,,,,,,,,,,,,
107549,,,,,,,,15,,,,,,,,,,,,,,,,,,
107550,,,,,,,,13,,,,,,,,,,,,,,,,,,
107557,,,,,,,,,,20,,,,,,,,,,,,,,,,
107571,,,,,,,,760,,638,868,331,99,114,48,4,,,,,,,,,,
107581,,,,,,,,22,,,,,,,,,,,,,,,,,,
107587,,,,,,,,8,,,,,,,,,,,,,,,,,,
107593,,,,,,,,277,243,,,,,,,,,,,,,,,,,
107603,,,,,,,,60,,181,,55,66,78,115,,,,,,,,,,,
107605,,,,,,,,22,,,,,,,,,,,,,,,,,,
107606,,,,,,,,8506,,12192,,5544,9084,15711,15724,,,,,,,,,,,
107607,,,,,,,,5316,,7246,,,,,,,,,,,,,,,,
107610,,,,,,,,368,,,,,,,,,,,,,,,,,,
107612,,,,,,,,109,,168,48,85,129,,94,,,,,,,,,,,
107616,,,,,,,,258,,,,,,,,,,,,,,,,,,
107618,,,,,,,,338,,,,,,,190,,,,,,,,,,,
107623,,,,,,,,68,,,,,,,,,,,,,,,,,,
107625,,,,,,,,187669,,443088,283869,273100,297120,329653,350243,93314,,,,,,,,,,
107634,,,,,,,,10,,,,,,,,,,,,,,,,,,
107639,,,,,,,,16,,,,,,,,,,,,,,,,,,
107643,,,,,,,,112,,156,223,130,80,81,26,,,,,,,,,,,
107648,,,,,,,,115,,,,,,,,,,,,,,,,,,
107652,,,,,,,,,,3286,3169,4103,,3657,,,,,,,,,,,,
107654,,,,,,,,12,,,,,,,,,,,,,,,,,,
107661,,,,,,,,74,,,,,,,,,,,,,,,,,,
107663,,,,,,,,759,,,,,,,,,,,,,,,,,,
107665,,,,,,,,2085,,908,414,517,1148,718,1107,56,,,,,,,,,,
107670,,,,,,,,69,,,,,,,,,,,,,,,,,,
107674,,,,,,,,122,,,,153,126,,,,,,,,,,,,,
107683,,,,,,,,1789,,322,116,161,,165,106,,,,,,,,,,,
107685,,,,,,,,23,,,,,,,,,,,,,,,,,,
107691,,,,,,,,116,,98,,200,301,177,297,215,,,,,,,,,,
107697,,,,,,,,,,,,,,,,,,,,,,,,,,
107698,,,,,,,,31,,,,,,,,,,,,,,,,,,
107703,,,,,,,,7,,,,,,,,,,,,,,,,,,
107710,,,,,,,,6678,,13676,6677,6565,7323,7722,7735,,,,,,,,,,,
107712,,,,,,,,110,,,,,,,,,,,,,,,,,,
107721,,,,,,,,81,,271,,85,,,88,,,,,,,,,,,
107727,,,,,,,,,,,,,,,,,,,,,,,,,,
107731,,,,,,,,14,,,,,,,,,,,,,,,,,,
107732,,,,,,,,,,,,,4,,,,,,,,,,,,,
107749,,,,,,,,1209,,943,244,,,,,,,,,,,,,,,
107750,,,,,,,,92,,,,,,,,,,,,,,,,,,
107751,,,,,,,,15099,,100,124,127,129,158,8,,,,,,,,,,,
107752,,,,,,,,112,,,,,,,,,,,,,,,,,,
107755,,,,,,,,7431,,10278,,,,,,,,,,,,,,,,
107757,,,,,,,,15,,,,,,,,,,,,,,,,,,
107759,,,,,,,,1091,,1860,722,709,808,819,807,,,,,,,,,,,
107762,,,,,,,,182,,88,40,131,197,31,17,,,,,,,,,,,
107763,,,,,,,,17693,,,,,,,,,,,,,,,,,,
107764,,,,,,,,14100,,,,,,,,,,,,,,,,,,
107768,,,,,,,,79,,243,39,93,149,72,,,,,,,,,,,,
107770,,,,,,,,51,,,,,,,,,,,,,,,,,,
107771,,,,,,,,22,,,,,,,,,,,,,,,,,,
107772,,,,,,,,30,,,,,,,,,,,,,,,,,,
107777,,,,,,,,,,,,,,,,,,,,,,,,,,
107778,,,,,,,,175,,,,,,,,,,,,,,,,,,
107780,,,,,,,,794,,,,410,103,109,97,,,,,,,,,,,
107787,,,,,,,,54,,,,,,,,,,,,,,,,,,
107801,,,,,,,,14,,,,,,,,,,,,,,,,,,
107803,,,,,,,,,23,,,,,,,,,,,,,,,,,
107812,,,,,,,,168,,128,,,,,,,,,,,,,,,,
107813,,,,,,,,197,,,,,,,,,,,,,,,,,,
107814,,,,,,,,71,,,,,,,,,,,,,,,,,,
107815,,,,,,,,27,,,,,,,29,,,,,,,,,,,
107823,,,,,,,,381,,,,,,,,,,,,,,,,,,
107849,,,,,,,,31,,30,,56,,,,,,,,,,,,,,
107851,,,,,,,,5556,,14606,9393,9211,10026,10214,12533,153,,,,,,,,,,
107852,,,,,,,,150,,,,,,,,,,,,,,,,,,
107853,,,,,,,,1514,,5231,1717,1394,506,575,1663,,,,,,,,,,,
107854,,,,,,,,373,,1320,1559,2390,2410,406,1218,,,,,,,,,,,
107859,,,,,,,,347,,1544,400,327,160,408,396,159,,,,,,,,,,
107861,,,,,,,,,,,,,,,,,,,,,,,,,,
107863,,,,,,,,7,,,,,,,,,,,,,,,,,,
107866,,,,,,,,65318,,116778,53602,54164,52372,52381,36406,11681,,,,,,,,,,
107867,,,,,,,,3189,,7194,,,,,,,,,,,,,,,,
107869,,,,,,,,86,,80,168,53,131,48,197,73,,,,,,,,,,
107873,,,,,,,,,,,,,,,,,,,,,,,,,,
107888,,,,,,,,35,,,,,,,,,,,,,,,,,,
107889,,,,,,,,75,,,,,,,,,,,,,,,,,,
107890,,,,,,,,125,,389,192,66,24,94,522,2076,,,,,,,,,,
107891,,,,,,,,51,,,,,,,,,,,,,,,,,,
107892,,,,,,,,605,,194,116,70,,,,,,,,,,,,,,
107893,,,,,,,,146,829,851,600,433,,,,,,,,,,,,,,
107903,,,,,,,,26661,,71669,37787,33282,30978,31475,33136,,,,,,,,,,,
107913,,,,,,,,11,,,,,,,,,,,,,,,,,,
107916,,,,,,,,125830,,21156,11993,12383,14861,15820,14877,7521,,,,,,,,,,
107918,,,,,,,,46138,,97164,37925,31193,26619,21934,17973,,,,,,,,,,,
107919,,,,,,,,436,,,,,,,,,,,,,,,,,,
107920,,,,,,,,,54,,,,,,,,,,,,,,,,,
107931,,,,,,,,248,,351,232,319,,,,,,,,,,,,,,
107932,,,,,,,,433,,672,,,171,319,215,,,,,,,,,,,
107933,,,,,,,,296,,,,,,,,,,,,,,,,,,
107934,,,,,,,,5,,,,,,,,,,,,,,,,,,
107940,,,,,,,,155,,,,,,,,,,,,,,,,,,
107941,,,,,,,,285,,,,,,,,,,,,,,,,,,
107947,,,,,,,,,,,,,,,,,,,,,,,,,,
107949,,,,,,,,17,,,,,,,,,,,,,,,,,,
107953,,,,,,,,67669,,,,,,,,,,,,,,,,,,
107956,,,,,,,,107,,,,,,,,,,,,,,,,,,
107968,,,,,,,,17,,,,,,,,,,,,,,,,,,
107969,,,,,,,,,,,,,,,,,,,,,,,,,,
107972,,,,,,,,9,,,,,,,,,,,,,,,,,,
107973,,,,,,,,10,,,,,,,,,,,,,,,,,,
107974,,,,,,,,92,,98,,,,,,,,,,,,,,,,
107978,,,,,,,,,,,,,,,,,,,,,,,,,,
107980,,,,,,,,17450,304,44122,28773,46691,51637,47786,42565,,,,,,,,,,,
107990,,,,,,,,8184,,18754,10523,10000,10702,10403,16403,3126,,,,,,,,,,
107994,,,,,,,,13553,,41978,38620,44976,56965,72202,58270,21746,,,,,,,,,,
107995,,,,,,,,159,,,,,,,,,,,,,,,,,,
107996,,,,,,,,79,,,,,,,,,,,,,,,,,,
107997,,,,,,,,,,,,,,,,,,,,,,,,,,
107999,,,,,,,,27254,,64982,32301,30723,31489,,,,,,,,,,,,,
108007,,,,,,,,4135,,2630,,,,,,,,,,,,,,,,
108009,,,,,,,,139,,3,,,,,,,,,,,,,,,,
108011,,,,,,,,146367,,6090,3631,5636,8009,8398,9107,2394,,,,,,,,,,
108015,,,,,,,,646,,2128,814,213,133,167,,244,,,,,,,,,,
108016,,,,,,,,52,,,,,,,,,,,,,,,,,,
108017,,,,,,,,2,,,,,,,,,,,,,,,,,,
108018,,,,,,,,23,9,,,,,,,,,,,,,,,,,
108021,,,,,,,,102,,,,,,,,,,,,,,,,,,
108025,,,,,,,,,747,,,,,,,,,,,,,,,,,
108026,,,,,,,,132,,,,,,,,,,,,,,,,,,
108027,,,,,,,,7,,,,,,,,,,,,,,,,,,
108030,,,,,,,,57749,,124884,59749,70375,93268,116524,73340,,,,,,,,,,,
108033,,,,,,,,137,,325,153,164,283,297,250,,,,,,,,,,,
108036,,,,,,,,296,,,,,,,,,,,,,,,,,,
108038,,,,,,,,698,,,,,,,,,,,,,,,,,,
108040,,,,,,,,85,,,,,,,,,,,,,,,,,,
108041,,,,,,,,70,,,,,,,164,,,,,,,,,,,
108042,,,,,,,,110,,,,,,,,,,,,,,,,,,
108043,,,,,,,,591,,,,,,,,,,,,,,,,,,
108044,,,,,,,,21,,,,,,,,,,,,,,,,,,
108048,,,,,,,,,,,,,,,,,,,,,,,,,,
108050,,,,,,,,9,,,,,,,,,,,,,,,,,,
108052,,,,,,,,411,,,,,,,,,,,,,,,,,,
108053,,,,,,,,815,,,,,,,,,,,,,,,,,,
108054,,,,,,,,51,,,,,,,,,,,,,,,,,,
108059,,,,,,,,297,,,,,,122,,,,,,,,,,,,
108061,,,,,,,,18,,,,,,,,,,,,,,,,,,
108062,,,,,,,,97,,,,,,,,,,,,,,,,,,
1080625,,,,,,,,,,,,,,,,,,,,,,,,,,
108066,,,,,,,,109,,,,,,,,,,,,,,,,,,
108067,,,,,,,,28,,,,,,,,,,,,,,,,,,
108069,,,,,,,,1442,1517,1151,472,1214,1200,1458,1229,,,,,,,,,,,
108071,,,,,,,,404677,,468,166,1088,423,1002,996,158,,,,,,,,,,
108074,,,,,,,,32402,,,,,,,,,,,,,,,,,,
108082,,,,,,,,111,,,,,,,,,,,,,,,,,,
108084,,,,,,,,89,,,,,,,,,,,,,,,,,,
108089,,,,,,,,701,,4,,,,,,,,,,,,,,,,
108095,,,,,,,,5,,,,,,,,,,,,,,,,,,
108097,,,,,,,,73,,,,,,,,,,,,,,,,,,
108101,,,,,,,,19843,,31980,14729,12603,,,,,,,,,,,,,,
108103,,,,,,,,5104,,32218,36187,56004,50368,70369,55474,13,,,,,,,,,,
108104,,,,,,,,121,,,,,,,,,,,,,,,,,,
108106,,,,,,,,,284,353,134,,,,71,,,,,,,,,,,
108107,,,,,,,,32,,,,,,,,,,,,,,,,,,
108108,,,,,,,,123,,145,83,,,,,,,,,,,,,,,
108109,,,,,,,,85,,,,,,,,,,,,,,,,,,
108110,,,,,,,,3403,,8842,5583,5816,5760,5500,4968,,,,,,,,,,,
108111,,,,,,,,105,,,,,,,,,,,,,,,,,,
108112,,,,,,,,6,,,,,,,,,,,,,,,,,,
108114,,,,,,,,581,,1041,514,526,963,437,959,446,,,,,,,,,,
108116,,,,,,,,147,,,,,,,,,,,,,,,,,,
108117,,,,,,,,16036,,133185,80727,107089,122489,1837,,,,,,,,,,,,
108118,,,,,,,,17358,,57148,,,,,,,,,,,,,,,,
108119,,,,,,,,407,,,,,,,,,,,,,,,,,,
108123,,,,,,,,596,,1656,,,,,643,,,,,,,,,,,
108127,,,,,,,,313,,,,,,,,,,,,,,,,,,
108134,,,,,,,,2641,,452,220,445,,,,,,,,,,,,,,
108139,,,,,,,,55,,,,,,,,,,,,,,,,,,
108148,,,,,,,,681,,666,,853,991,1326,1222,,,,,,,,,,,
108150,,,,,,,,1000,,1428,,,,,,,,,,,,,,,,
108152,,,,,,,,47,,,,,,,,,,,,,,,,,,
108154,,,,,,,,52004,,111531,57772,50490,48085,44069,48796,38965,,,,,,,,,,
108157,,,,,,,,199,,,2,,,,,,,,,,,,,,,
108158,,,,,,,,397,,,,,,,,,,,,,,,,,,
108159,,,,,,,,,,26,,,,,,,,,,,,,,,,
108162,,,,,,,,24,,,,,,,,,,,,,,,,,,
108163,,,,,,,,1064,,173,,,,,,,,,,,,,,,,
108168,,,,,,,,3269,,5845,1210,,,,230,,,,,,,,,,,
108193,,,,,,,,106,,,,,,,,,,,,,,,,,,
108194,,,,,,,,32,,,,,,,,,,,,,,,,,,
108196,,,,,,,,24,,,,,,,,,,,,,,,,,,
108198,,,,,,,,150,,,,,,,,,,,,,,,,,,
108199,,,,,,,,1433,,,,,,,,,,,,,,,,,,
108200,,,,,,,,5,,,,,,,,,,,,,,,,,,
108205,,,,,,,,530,,,,,,,,,,,,,,,,,,
108206,,,,,,,,,,113,,,,,,,,,,,,,,,,
108210,,,,,,,,286,,,,,,,,,,,,,,,,,,
108211,,,,,,,,681,,849,,265,487,297,,,,,,,,,,,,
108213,,,,,,,,43,,,,,,,,,,,,,,,,,,
108217,,,,,,,,14,,,,,,,,,,,,,,,,,,
108219,,,,,,,,,,,,,,,,,,,,,,,,,,
108221,,,,,,,,59,,183,168,170,232,132,66,,,,,,,,,,,
108223,,,,,,,,56,,,,,,,,,,,,,,,,,,
108224,,,,,,,,4311,,5802,1503,2299,3338,5595,4816,7480,,,,,,,,,,
108228,,,,,,,,6,,,,,,,,,,,,,,,,,,
108236,,,,,,,,18,,,,,,,,,,,,,,,,,,
108237,,,,,,,,2,,,,,,,,,,,,,,,,,,
108244,,,,,,,,,14,,,,,,,,,,,,,,,,,
108246,,,,,,,,91,,,,,,,,,,,,,,,,,,
108247,,,,,,,,6,,,,,,,,,,,,,,,,,,
108248,,,,,,,,241,,85,232,314,308,391,605,,,,,,,,,,,
108250,,,,,,,,158057,,,,,,,,,,,,,,,,,,
108252,,,,,,,,25,,,,,,,,,,,,,,,,,,
108254,,,,,,,,20,,,,,,,,,,,,,,,,,,
108255,,,,,,,,29,,,,,,,,,,,,,,,,,,
108256,,,,,,,,308,,,,,,,,,,,,,,,,,,
108259,,,,,,,,853,,654,,,,,,,,,,,,,,,,
108267,,,,,,,,46,,,,,,,,,,,,,,,,,,
108268,,,,,,,,19,,,,,,,,,,,,,,,,,,
108270,,,,,,,,7,,,,,,,,,,,,,,,,,,
108272,,,,,,,,9,,,,,,,,,,,,,,,,,,
108274,,,,,,,,28,,,,,,91,,,,,,,,,,,,
108275,,,,,,,,,,,,,,,,,,,,,,,,,,
108276,,,,,,,,321,,,532,,,,,,,,,,,,,,,
108277,,,,,,,,74,,,,,,,,,,,,,,,,,,
108279,,,,,,,,10,,,,,,,,,,,,,,,,,,
108281,,,,,,,,175,,,,,,,,,,,,,,,,,,
108282,,,,,,,,63,,,71,,88,,41,,,,,,,,,,,
108283,,,,,,,,3688,,705,,96,135,,,,,,,,,,,,,
108285,,,,,,,,6,,,,,,,,,,,,,,,,,,
108287,,,,,,,,327,,,,,,,,,,,,,,,,,,
108288,,,,,,,,46,,,,,,,,,,,,,,,,,,
108316,,,,,,,,11180,701,30636,20582,18723,15541,20275,21596,23878,,,,,,,,,,
108320,,,,,,,,33,,,,,,,,,,,,,,,,,,
108322,,,,,,,,331,,,,,,,,,,,,,,,,,,
108323,,,,,,,,30,,111,144,89,115,,,,,,,,,,,,,
108324,,,,,,,,57271,,,,,,,,,,,,,,,,,,
108325,,,,,,,,1018,,,,,,5547,1034,761,,,,,,,,,,
108326,,,,,,,,,,,,,,,,,,,,,,,,,,
108327,,,,,,,,97,,,,,,,,,,,,,,,,,,
108332,,,,,,,,153,,,,,,,,,,,,,,,,,,
108333,,,,,,,,3352,,2491,778,776,,,,,,,,,,,,,,
108335,,,,,,,,44491,,87440,45341,69794,45154,46967,48504,27206,,,,,,,,,,
108336,,,,,,,,547,,903,571,404,444,346,259,,,,,,,,,,,
108337,,,,,,,,727,,,,,,,,,,,,,,,,,,
108338,,,,,,,,24757,,,,,,,,,,,,,,,,,,
108341,,,,,,,,265,,934,186,19,17,27,,,,,,,,,,,,
108346,,,,,,,,317,,,,,,,,,,,,,,,,,,
108347,,,,,,,,25,,,,,,,,,,,,,,,,,,
108348,,,,,,,,135,,,,,,,,,,,,,,,,,,
108349,,,,,,,,,1,,,,,,,,,,,,,,,,,
108350,,,,,,,,25014,,,,,,,,,,,,,,,,,,
108362,,,,,,,,24,,163,234,106,27,48,,689,,,,,,,,,,
108363,,,,,,,,34,,,,,,,,,,,,,,,,,,
108364,,,,,,,,565,,,3063,,,,,,,,,,,,,,,
108366,,,,,,,,14,,,,,,,,,,,,,,,,,,
108368,,,,,,,,9,,,,,,,,,,,,,,,,,,
108371,,,,,,,,236,,,,,,,,,,,,,,,,,,
108372,,,,,,,,37101,,20962,,4417,,,,,,,,,,,,,,
108373,,,,,,,,5259,,2580,,,,,,,,,,,,,,,,
108377,,,,,,,,1331,,524,,,,,,,,,,,,,,,,
108378,,,,,,,,362,,,,,,,,,,,,,,,,,,
108379,,,,,,,,13,,,,,,,,,,,,,,,,,,
108380,,,,,,,,28,,,,,,,,,,,,,,,,,,
108381,,,,,,,,5773,,,,6298,5218,5160,4628,,,,,,,,,,,
108382,,,,,,,,44,,,,,,,,,,,,,,,,,,
108383,,,,,,,,12,,,,,,,,,,,,,,,,,,
108384,,,,,,,,4090,,,,,,,,,,,,,,,,,,
108386,,,,,,,,28,,,,,,,,,,,,,,,,,,
108388,,,,,,,,229,,568,289,491,467,478,545,,,,,,,,,,,
108389,,,,,,,,,,165,,,,,,,,,,,,,,,,
108390,,,,,,,,57,,,,55,45,31,33,,,,,,,,,,,
108392,,,,,,,,60,,,,,,,,,,,,,,,,,,
108409,,,,,,,,146,,,56,59,26,,84,25,,,,,,,,,,
108410,,,,,,,,31,,,,,,,,,,,,,,,,,,
108412,,,,,,,,175,,55,62,,,23,,,,,,,,,,,,
108413,,,,,,,,246,,,,,,,,,,,,,,,,,,
108415,,,,,,,,16,,,,,,,,,,,,,,,,,,
108416,,,,,,,,14,,,,,,,,,,,,,,,,,,
108417,,,,,,,,21,,,,,,,,,,,,,,,,,,
108418,,,,,,,,16,,,,,,,,,,,,,,,,,,
108419,,,,,,,,15909,,23519,16349,14407,11898,14900,15542,12043,,,,,,,,,,
108451,,,,,,,,46,,723,199,198,32,82,28,17,,,,,,,,,,
108452,,,,,,,,109,,271,64,,,,126,,,,,,,,,,,
108453,,,,,,,,15,,,,,,,,,,,,,,,,,,
108454,,,,,,,,1186,,399,,,,,,,,,,,,,,,,
108456,,,,,,,,55,,149,128,13,135,232,25,,,,,,,,,,,
108458,,,,,,,,38,,,,,,,149,,,,,,,,,,,
108459,,,,,,,,395,,820,93,,,,2682,,,,,,,,,,,
108460,,,,,,,,47,,,,,,,,,,,,,,,,,,
108461,,,,,,,,1544,,2959,2092,2916,2224,2224,1185,,,,,,,,,,,
108463,,,,,,,,,,7,,,,,,,,,,,,,,,,
108464,,,,,,,,126,716,1921,1142,797,749,752,1286,147,,,,,,,,,,
108465,,,,,,,,60,,,,,,,,,,,,,,,,,,
108466,,,,,,,,63,,,,,,,,,,,,,,,,,,
108467,,,,,,,,102,,,,,,,,,,,,,,,,,,
108468,,,,,,,,144,,,,,,,,,,,,,,,,,,
108469,,,,,,,,971,,1808,1022,703,749,863,474,496,,,,,,,,,,
108470,,,,,,,,653,,,,,,,,,,,,,,,,,,
108471,,,,,,,,1157,,1094,430,451,439,277,336,,,,,,,,,,,
108472,,,,,,,,172,,4,,,,,,,,,,,,,,,,
108473,,,,,,,,20,,,,1,,,,,,,,,,,,,,
108474,,,,,,,,7,,,,,,101,,,,,,,,,,,,
108491,,,,,,,,2232,,4045,1663,1506,1431,1243,1425,619,,,,,,,,,,
108492,,,,,,,,1133,,1889,711,622,,,,,,,,,,,,,,
108494,,,,,,,,41,,,,,,,,,,,,,,,,,,
108495,,,,,,,,101,,107,27,,42,33,34,,,,,,,,,,,
108496,,,,,,,,2627,,3440,194,28480,64445,74261,57505,7230,,,,,,,,,,
108497,,,,,,,,8,,,,,,,,,,,,,,,,,,
108499,,,,,,,,6530,,11141,5378,7929,8754,296662,505204,,,,,,,,,,,
108500,,,,,,,,,27,,,,,,,,,,,,,,,,,
108502,,,,,,,,,,4687,2707,2281,1222,,2776,,,,,,,,,,,
108503,,,,,,,,112,,,,,,,,,,,,,,,,,,
108504,,,,,,,,10,,,,,,,,,,,,,,,,,,
108505,,,,,,,,151,,,,,,,,,,,,,,,,,,
108511,,,,,,,,102,,,,,100,,,,,,,,,,,,,
108513,,,,,,,,43,,,,,,,,,,,,,,,,,,
108514,,,,,,,,30,,,,,,,,,,,,,,,,,,
108515,,,,,,,,110,,,,,,,,,,,,,,,,,,
108516,,,,,,,,156,,,,,,,,,,,,,,,,,,
108517,,,,,,,,109,,,,,,,,,,,,,,,,,,
108518,,,,,,,,,,,,580,,,,,,,,,,,,,,
108519,,,,,,,,89,,,,,,,,,,,,,,,,,,
108527,,,,,,,,458,,,,,,,,,,,,,,,,,,
108528,,,,,,,,692,,,,,,,,,,,,,,,,,,
108529,,,,,,,,97,,,,,,,,,,,,,,,,,,
108530,,,,,,,,100,,171,,,,,,,,,,,,,,,,
108531,,,,,,,,12,,,,,,,,,,,,,,,,,,
108532,,,,,,,,1490,,1799,,,,,,,,,,,,,,,,
108533,,,,,,,,25329,,,,,,,,,,,,,,,,,,
108535,,,,,,,,284934,,,,,,,,,,,,,,,,,,
108536,,,,,,,,16312,,25893,15856,5351,1499,773,42,2777,,,,,,,,,,
108539,,,,,,,,223,,,,,,,,,,,,,,,,,,
108540,,,,,,,,3424,,4761,2412,3284,2437,,,,,,,,,,,,,
108547,,,,,,,,335,,6874,2723,3660,4709,4385,4396,1650,,,,,,,,,,
108548,,,,,,,,6,,,,,,,,,,,,,,,,,,
108549,,,,,,,,,,34,,,,,,,,,,,,,,,,
108550,,,,,,,,814,,,,,,,,,,,,,,,,,,
108552,,,,,,,,37,,,,,,,,,,,,,,,,,,
108553,,,,,,,,10,,,,,,,,,,,,,,,,,,
108554,,,,,,,,209,,,,,,,,,,,,,,,,,,
108556,,,,,,,,,243,1118,721,469,685,463,656,522,,,,,,,,,,
108557,,,,,,,,1126,,2251,1138,1347,1097,1170,1061,,,,,,,,,,,
108558,,,,,,,,210,,253,,,,,143,,,,,,,,,,,
108559,,,,,,,,49,,,,,,,,,,,,,,,,,,
108560,,,,,,,,55,,,,,,,,,,,,,,,,,,
108562,,,,,,,,5,,,,,,,,,,,,,,,,,,
108563,,,,,,,,10,,,,,,,,,,,,,,,,,,
108564,,,,,,,,43,,,,,,,,,,,,,,,,,,
108565,,,,,,,,,107,,,,,,,,,,,,,,,,,
108566,,,,,,,,,,112,,,,,,,,,,,,,,,,
108567,,,,,,,,877,,1161,,,,,,,,,,,,,,,,
108568,,,,,,,,86,,,,,,,,,,,,,,,,,,
108569,,,,,,,,21,31,,,,,,,,,,,,,,,,,
108571,,,,,,,,,25,,,,,,,,,,,,,,,,,
108572,,,,,,,,16,,,,,,,,,,,,,,,,,,
108573,,,,,,,,115,,,,,,,,,,,,,,,,,,
108574,,,,,,,,9,,,,,,,,,,,,,,,,,,
108575,,,,,,,,,,,,,,,,,,,,,,,,,,
108576,,,,,,,,,176,174,168,347,332,255,,,,,,,,,,,,
108577,,,,,,,,481,,,,,,,,,,,,,,,,,,
108578,,,,,,,,549,,465,154,,,,,,,,,,,,,,,
108579,,,,,,,,73052,,1941,718,745,583,512,,330,,,,,,,,,,
108580,,,,,,,,,4,,,,,,,,,,,,,,,,,
108581,,,,,,,,130,,67,,91,36,,53,,,,,,,,,,,
108582,,,,,,,,9,,,,,,,,,,,,,,,,,,
108583,,,,,,,,541,,,,,,,,,,,,,,,,,,
108586,,,,,,,,299,,351,193,,,,,,,,,,,,,,,
108587,,,,,,,,23423,,485,133,109,113,149,,,,,,,,,,,,
108588,,,,,,,,6,,,,,,,,,,,,,,,,,,
108589,,,,,,,,219,,214,141,,,,,,,,,,,,,,,
108590,,,,,,,,13,,,,,,,,,,,,,,,,,,
108591,,,,,,,,,,,,,,,,,,,,,,,,,,
108592,,,,,,,,84,,,,,,,,,,,,,,,,,,
108593,,,,,,,,115,,,,,,,,,,,,,,,,,,
108594,,,,,,,,,2032,3136,1684,1261,1325,1796,2249,,,,,,,,,,,
108597,,,,,,,,41,,,,,,,,,,,,,,,,,,
108599,,,,,,,,18949,,64200,46544,50133,66490,64351,63015,12165,,,,,,,,,,
108600,,,,,,,,77,,,,,,,,,,,,,,,,,,
108601,,,,,,,,69,,256,122,203,160,342,,,,,,,,,,,,
108602,,,,,,,,105612,,32616,11550,,,,,4109,,,,,,,,,,
108603,,,,,,,,16,,,,,,,,,,,,,,,,,,
108604,,,,,,,,370,,,,,,,,,,,,,,,,,,
108605,,,,,,,,33,,,,,,,,,,,,,,,,,,
108606,,,,,,,,,,105,,,,,,,,,,,,,,,,
108607,,,,,,,,1,,103,,,,,,,,,,,,,,,,
108608,,,,,,,,51,,,,,,,,,,,,,,,,,,
108609,,,,,,,,,,,,,,,,,,,,,,,,,,
108610,,,,,,,,30,,29,,,,,,,,,,,,,,,,
108611,,,,,,,,,635,,,,,,,,,,,,,,,,,
108612,,,,,,,,5,,,,,,,,,,,,,,,,,,
108613,,,,,,,,98,,115,113,104,,109,127,,,,,,,,,,,
108614,,,,,,,,,,,,,,,,,,,,,,,,,,
108615,,,,,,,,136,,,,,,,,,,,,,,,,,,
108616,,,,,,,,,,,15,,,,,,,,,,,,,,,
108617,,,,,,,,312,,,,,,,,,,,,,,,,,,
108620,,,,,,,,,7,,,,,,,,,,,,,,,,,
108621,,,,,,,,68,,,,,,525,231,,,,,,,,,,,
108622,,,,,,,,77,,,,,,,,,,,,,,,,,,
108623,,,,,,,,694,,,,,,,,,,,,,,,,,,
108624,,,,,,,,,,,,,136,,,,,,,,,,,,,
108625,,,,,,,,,,65,,,,,,,,,,,,,,,,
108626,,,,,,,,109,,,,,,,,,,,,,,,,,,
108627,,,,,,,,3437,,3680,,,,,,,,,,,,,,,,
108628,,,,,,,,6,,,,,,,,,,,,,,,,,,
108629,,,,,,,,62,,,,,,,,,,,,,,,,,,
108630,,,,,,,,,,537,212,341,,,,,,,,,,,,,,
108631,,,,,,,,75,,,,,,,,,,,,,,,,,,
108632,,,,,,,,29,,,,,,,,,,,,,,,,,,
108633,,,,,,,,100,,,,,,234,134,,,,,,,,,,,
108634,,,,,,,,186,,,,,,,,,,,,,,,,,,
108635,,,,,,,,32,,,,34,,,,,,,,,,,,,,
108637,,,,,,,,1194,,1876,833,1137,1025,,,,,,,,,,,,,
108638,,,,,,,,,,,,,,,,,,,,,,,,,,
108639,,,,,,,,312,,,,,,,,,,,,,,,,,,
108640,,,,,,,,549,,,,,,,,,,,,,,,,,,
108641,,,,,,,,144,,,,,,,,,,,,,,,,,,
108643,,,,,,,,,51,,,,,,,,,,,,,,,,,
108645,,,,,,,,34,,61,,,,,,,,,,,,,,,,
108646,,,,,,,,203,,,,,,,,,,,,,,,,,,
108648,,,,,,,,120,,210,,,,,,,,,,,,,,,,
108649,,,,,,,,16,,,,,,,,,,,,,,,,,,
108650,,,,,,,,463,,374,,,,,,,,,,,,,,,,
108651,,,,,,,,,,,,,,,,,,,,,,,,,,
108652,,,,,,,,56,,,,,,,,,,,,,,,,,,
108653,,,,,,,,22,,150,125,34,73,6,68,58,,,,,,,,,,
108654,,,,,,,,,,34,,,,,,,,,,,,,,,,
108655,,,,,,,,55,18,,73,,60,24,,,,,,,,,,,,
108656,,,,,,,,29,,,,,,,,,,,,,,,,,,
108657,,,,,,,,10325,,13184,,,,,,,,,,,,,,,,
108658,,,,,,,,179,,839,,,,,,,,,,,,,,,,
108659,,,,,,,,116,,,,,,327,,,,,,,,,,,,
108660,,,,,,,,111,,631,210,,,,158,,,,,,,,,,,
108661,,,,,,,,1103,,,,,,,,,,,,,,,,,,
108662,,,,,,,,168,,,,,,,,,,,,,,,,,,
108663,,,,,,,,12,,,,,,,,,,,,,,,,,,
108665,,,,,,,,569,,1361,1025,1105,862,779,767,,,,,,,,,,,
108666,,,,,,,,1012,,1227,,,,,,,,,,,,,,,,
108667,,,,,,,,240,,,,,,,,,,,,,,,,,,
108668,,,,,,,,361,,,,,,,,,,,,,,,,,,
108670,,,,,,,,,,37,68,100,74,76,,,,,,,,,,,,
108671,,,,,,,,90,,,,,,,,,,,,,,,,,,
108672,,,,,,,,929,,,,,,,,,,,,,,,,,,
108673,,,,,,,,436,,,,,,,,,,,,,,,,,,
108674,,,,,,,,14,,,,,,,,,,,,,,,,,,
108675,,,,,,,,,,135,94,98,27,121,217,,,,,,,,,,,
108676,,,,,,,,212,,,,422,172,,,,,,,,,,,,,
108677,,,,,,,,,476,868,,,,,,,,,,,,,,,,
108678,,,,,,,,13,,,,,,,,,,,,,,,,,,
108679,,,,,,,,10,,,,,,,,,,,,,,,,,,
108680,,,,,,,,214,,,,,,,,,,,,,,,,,,
108681,,,,,,,,45,,19,,,48,31,91,75,,,,,,,,,,
108682,,,,,,,,23,,19,,19,,142,83,,,,,,,,,,,
108683,,,,,,,,149,,,,,,,372,,,,,,,,,,,
108684,,,,,,,,45,,173,67,,,,161,,,,,,,,,,,
108685,,,,,,,,81,,,,,,,,,,,,,,,,,,
108686,,,,,,,,133511,,204242,107318,113640,124939,126675,128427,103895,,,,,,,,,,
108687,,,,,,,,1,,,,,,,,,,,,,,,,,,
108688,,,,,,,,312,,216,177,,,,,,,,,,,,,,,
108689,,,,,,,,99322,,12646,5223,2369,1559,1095,1076,781,,,,,,,,,,
108690,,,,,,,,34,,,,,,,,,,,,,,,,,,
108691,,,,,,,,70,,,,,,,,,,,,,,,,,,
108692,,,,,,,,1,,,,,,,,,,,,,,,,,,
108693,,,,,,,,,189,,516,169,84,,,,,,,,,,,,,
108694,,,,,,,,20,,,,83,82,,,,,,,,,,,,,
108695,,,,,,,,134,,,,,,,,,,,,,,,,,,
108696,,,,,,,,81,,,,,,,,,,,,,,,,,,
108697,,,,,,,,609,,,,,,,,,,,,,,,,,,
108698,,,,,,,,,,,,,,,,,,,,,,,,,,
108699,,,,,,,,152,,,,,,,,,,,,,,,,,,
108700,,,,,,,,29,,,,,,,,,,,,,,,,,,
108701,,,,,,,,,,,,,,,,,,,,,,,,,,
108702,,,,,,,,36,,,,,,,,,,,,,,,,,,
108703,,,,,,,,58,,,,,,,,,,,,,,,,,,
108704,,,,,,,,,,,132,,,,,,,,,,,,,,,
108706,,,,,,,,295,,,,188,,,,,,,,,,,,,,
108707,,,,,,,,391,,,,,,,,,,,,,,,,,,
108709,,,,,,,,55,,43,33,81,112,69,59,,,,,,,,,,,
108710,,,,,,,,10,,,,,,,,,,,,,,,,,,
108711,,,,,,,,,18,,,,,,,,,,,,,,,,,
108712,,,,,,,,6,,,,,,,,,,,,,,,,,,
108713,,,,,,,,,,,,,,,,,,,,,,,,,,
108714,,,,,,,,,,,18,,,,,,,,,,,,,,,
108715,,,,,,,,,,,,,,7,,,,,,,,,,,,
108716,,,,,,,,3000,,5979,,,,,,,,,,,,,,,,
108718,,,,,,,,,,,,,,,,,,,,,,,,,,
108719,,,,,,,,6,,,,,,,,68,,,,,,,,,,
108720,,,,,,,,,231,705,501,255,322,157,39,,,,,,,,,,,
108721,,,,,,,,197,,,,,,,,,,,,,,,,,,
108722,,,,,,,,,,,,,,,,,,,,,,,,,,
108723,,,,,,,,,,,,,,,,,,,,,,,,,,
108724,,,,,,,,,,,,,,,,,,,,,,,,,,
108725,,,,,,,,127,,,,,,,,,,,,,,,,,,
108726,,,,,,,,,,267,85,202,,,,,,,,,,,,,,
108727,,,,,,,,,,,,,,,,,,,,,,,,,,
108729,,,,,,,,26,,,,,,,,,,,,,,,,,,
108730,,,,,,,,,,,,,,,,,,,,,,,,,,
108731,,,,,,,,110,,,,,,,,,,,,,,,,,,
108732,,,,,,,,28,,,,,,,,,,,,,,,,,,
108733,,,,,,,,,,62655,34705,26497,50406,40802,53610,,,,,,,,,,,
108734,,,,,,,,,,,,,,,,,,,,,,,,,,
108735,,,,,,,,133,,,,,,,,,,,,,,,,,,
108736,,,,,,,,81,,,,,,,,,,,,,,,,,,
108737,,,,,,,,,,407,72,,,21,,,,,,,,,,,,
108738,,,,,,,,,,,,,,,,,,,,,,,,,,
108739,,,,,,,,,,248,,,,,,,,,,,,,,,,
108740,,,,,,,,1,80,,,,,,,,,,,,,,,,,
108741,,,,,,,,,,,,,,,,,,,,,,,,,,
108742,,,,,,,,,,16,,,,,,,,,,,,,,,,
108744,,,,,,,,,,,,,,,,,,,,,,,,,,
108745,,,,,,,,74,,,,,,,,,,,,,,,,,,
108746,,,,,,,,795,,,643,,,,,,,,,,,,,,,
108747,,,,,,,,,,,,,,,,,,,,,,,,,,
108748,,,,,,,,,,,,,,,,,,,,,,,,,,
108749,,,,,,,,126,,,,,,,,,,,,,,,,,,
108750,,,,,,,,,,373,87,,,,,,,,,,,,,,,
108752,,,,,,,,,,210,258,394,218,249,,,,,,,,,,,,
108753,,,,,,,,40387,4069,95119,42788,36007,33269,31088,35000,24546,,,,,,,,,,
108755,,,,,,,,111,,,,,,,,,,,,,,,,,,
108757,,,,,,,,18,,,,,,,,,,,,,,,,,,
108758,,,,,,,,,,49,,,,,,,,,,,,,,,,
108759,,,,,,,,28,,,,,,,,,,,,,,,,,,
108761,,,,,,,,37,,,,,,,,,,,,,,,,,,
108762,,,,,,,,16,,,,,,,,,,,,,,,,,,
108763,,,,,,,,36,,,,,,126,159,,,,,,,,,,,
108764,,,,,,,,,,256,79,282,145,127,207,,,,,,,,,,,
108765,,,,,,,,233,,,,,,,,,,,,,,,,,,
108767,,,,,,,,,30,,,,,,,,,,,,,,,,,
108768,,,,,,,,17,,,,,,,,,,,,,,,,,,
108770,,,,,,,,5,,,,,,,,,,,,,,,,,,
108771,,,,,,,,6,,,,,53,,,,,,,,,,,,,
108773,,,,,,,,66,,,,,,,,,,,,,,,,,,
108774,,,,,,,,22,,,,,,,,,,,,,,,,,,
108775,,,,,,,,,666,346,431,,,,,,,,,,,,,,,
108777,,,,,,,,10,,,,,,,,,,,,,,,,,,
108778,,,,,,,,256,,,,,,,,,,,,,,,,,,
108779,,,,,,,,21,,,,,,,,,,,,,,,,,,
108780,,,,,,,,595,,8288,3498,3557,3759,,5078,,,,,,,,,,,
108781,,,,,,,,26,,,,,,,,,,,,,,,,,,
108782,,,,,,,,216,,,,,,,,,,,,,,,,,,
108783,,,,,,,,136,,,,,71,25,,,,,,,,,,,,
108784,,,,,,,,25,,,,,,,,,,,,,,,,,,
108785,,,,,,,,85,,,,,,,,,,,,,,,,,,
108786,,,,,,,,117,,,,,,,,,,,,,,,,,,
108787,,,,,,,,34,,265,,,,,227,,,,,,,,,,,
108788,,,,,,,,,17,,,,,,,,,,,,,,,,,
108789,,,,,,,,44,,,,,,,,,,,,,,,,,,
108790,,,,,,,,4,,,,,,,,,,,,,,,,,,
108791,,,,,,,,555,,,,973,,,,,,,,,,,,,,
108794,,,,,,,,,97,,,,,,,,,,,,,,,,,
108795,,,,,,,,64,782,,,,,,,,,,,,,,,,,
108796,,,,,,,,164,,,,,,,,,,,,,,,,,,
108798,,,,,,,,1,,,,,,,,,,,,,,,,,,
108804,,,,,,,,,,,,6,,,,,,,,,,,,,,
108805,,,,,,,,,,,,,,15,,,,,,,,,,,,
108806,,,,,,,,,539,1046,552,765,681,544,179,,,,,,,,,,,
108807,,,,,,,,133,,,,,,,,,,,,,,,,,,
108808,,,,,,,,10,,,,,,,,,,,,,,,,,,
108809,,,,,,,,,615,664,490,423,,,,,,,,,,,,,,
108812,,,,,,,,28,,,,,,48,,,,,,,,,,,,
108813,,,,,,,,,5,,,,,,,,,,,,,,,,,
108815,,,,,,,,43,,534,133,174,195,,143,,,,,,,,,,,
108816,,,,,,,,,,,,,3307,376,363,236,,,,,,,,,,
108818,,,,,,,,98,,,,,,,,,,,,,,,,,,
108819,,,,,,,,,,6700,2700,2788,2882,2953,3025,4187,,,,,,,,,,
108823,,,,,,,,,,34001,21000,19300,19000,2477,160,207,,,,,,,,,,
108824,,,,,,,,1,35,,,,,,,,,,,,,,,,,
108825,,,,,,,,,28,,,,,,,,,,,,,,,,,
108826,,,,,,,,,,,,,,,,,,,,,,,,,,
108827,,,,,,,,,5785,2442,153,295,330,214,351,48,,,,,,,,,,
108828,,,,,,,,,,,,,,,,,,,,,,,,,,
108829,,,,,,,,,166,,,,,,,,,,,,,,,,,
108830,,,,,,,,1263,,,,,,,,,,,,,,,,,,
108831,,,,,,,,,,,,,967,204,59,,,,,,,,,,,
108832,,,,,,,,,,,,,,,,,,,,,,,,,,
108833,,,,,,,,,74,,,,,,,,,,,,,,,,,
108834,,,,,,,,,8,,,,,,,,,,,,,,,,,
108835,,,,,,,,,,,,,,,,,,,,,,,,,,
108836,,,,,,,,,,,,,,,,,,,,,,,,,,
108837,,,,,,,,,50,,,,,,,,,,,,,,,,,
108838,,,,,,,,216,,,,,,,,,,,,,,,,,,
108839,,,,,,,,136,,,36,31,129,13,85,,,,,,,,,,,
108840,,,,,,,,20,,8,,,,,,,,,,,,,,,,
108841,,,,,,,,18,,,,,,,114,,,,,,,,,,,
108842,,,,,,,,16,,,,,,,,,,,,,,,,,,
108843,,,,,,,,58,,104,61,96,92,39,101,131,,,,,,,,,,
108844,,,,,,,,43,,525,,,,,,,,,,,,,,,,
108845,,,,,,,,40,,,,,,,,,,,,,,,,,,
108846,,,,,,,,24,,,,,,48,70,,,,,,,,,,,
108847,,,,,,,,0,19,,,,,,,,,,,,,,,,,
108848,,,,,,,,0,17,,,,,,,,,,,,,,,,,
108849,,,,,,,,1,14,,,,,,,,,,,,,,,,,
108850,,,,,,,,,,,,,,,,,,,,,,,,,,
108851,,,,,,,,62,,,,,,,,,,,,,,,,,,
108852,,,,,,,,8,,,,,,,,,,,,,,,,,,
108853,,,,,,,,,,173,,,,,,,,,,,,,,,,
108854,,,,,,,,,,,,65,67,,58,,,,,,,,,,,
108855,,,,,,,,156,,,,,,,,,,,,,,,,,,
108856,,,,,,,,1275,,,4446,1145,388,274,159,,,,,,,,,,,
108857,,,,,,,,,,,,,,,,,,,,,,,,,,
108858,,,,,,,,,,,,,,,,,,,,,,,,,,
108859,,,,,,,,2,,,1705,57,39,19,,,,,,,,,,,,
108863,,,,,,,,,,,24,,,,,,,,,,,,,,,
108864,,,,,,,,107,,,,,,,,,,,,,,,,,,
108865,,,,,,,,43,,74,75,66,76,153,48,,,,,,,,,,,
108866,,,,,,,,,235,109,,104,150,163,111,,,,,,,,,,,
108868,,,,,,,,32,,,,,,,,,,,,,,,,,,
108869,,,,,,,,67,,,,,,,,,,,,,,,,,,
108870,,,,,,,,,,10,,,,,,,,,,,,,,,,
108872,,,,,,,,9,,,,245,,,,,,,,,,,,,,
108873,,,,,,,,,656,44,68,92,118,90,77,,,,,,,,,,,
108874,,,,,,,,,2084,1762,527,310,372,107,381,203,,,,,,,,,,
108876,,,,,,,,,2,,,,,,,,,,,,,,,,,
108877,,,,,,,,,3099,6237,2701,,1930,,,,,,,,,,,,,
108880,,,,,,,,,,46,,,,,,,,,,,,,,,,
108882,,,,,,,,,,,,,,,,,,,,,,,,,,
108883,,,,,,,,,,,,,16,,,,,,,,,,,,,
108884,,,,,,,,,123,134,,,,,,,,,,,,,,,,
108885,,,,,,,,85,,,,,,,,,,,,,,,,,,
108886,,,,,,,,15455,,6369,8254,8835,11902,10672,11597,,,,,,,,,,,
108887,,,,,,,,,,,,,,,,,,,,,,,,,,
108888,,,,,,,,218,,795,364,,,,,,,,,,,,,,,
108889,,,,,,,,,,,,151,,,,,,,,,,,,,,
108891,,,,,,,,,134,116,,,428,132,295,517,,,,,,,,,,
108892,,,,,,,,,,,,,,,,,,,,,,,,,,
108893,,,,,,,,,,,,,,,,,,,,,,,,,,
108894,,,,,,,,,7,,,,,,,,,,,,,,,,,
108895,,,,,,,,,,,,,,,,,,,,,,,,,,
108896,,,,,,,,,465,,,,,,,,,,,,,,,,,
108898,,,,,,,,,11121,27082,11643,12267,13145,10731,8325,,,,,,,,,,,
108899,,,,,,,,,,,125,,,,,,,,,,,,,,,
108920,,,,,,,,,,,,160,,146,57,,,,,,,,,,,
108921,,,,,,,,,,,,,,,,,,,,,,,,,,
108931,,,,,,,,,,,,,,,,,,,,,,,,,,
108935,,,,,,,,,206,770,292,290,,,,,,,,,,,,,,
108936,,,,,,,,,,58,,,,,,,,,,,,,,,,
108955,,,,,,,,,,,,,,,,,,,,,,,,,,
108963,,,,,,,,,31,,,,,,,,,,,,,,,,,
109013,,,,,,,,,14,,,,,,,,,,,,,,,,,
109039,,,,,,,,,31,,40,45,,40,,,,,,,,,,,,
109042,,,,,,,,,5,,,,,,,,,,,,,,,,,
109058,,,,,,,,,7,,,,,,,,,,,,,,,,,
109061,,,,,,,,,,,,,,,,,,,,,,,,,,
1090625,,,,,,,,,,,,,,,,,,,,,,,,,,
109071,,,,,,,,,13,,,,,,,,,,,,,,,,,
109138,,,,,,,,,6,,,,,,,,,,,,,,,,,
109168,,,,,,,,,,,,,,,,,,,,,,,,,,
109176,,,,,,,,,13,,,,,,,,,,,,,,,,,
109181,,,,,,,,,23,,,,,,,,,,,,,,,,,
109184,,,,,,,,,,,,,,,,,,,,,,,,,,
109213,,,,,,,,,10,,,,,,,,,,,,,,,,,
109217,,,,,,,,,,,,,,,,,,,,,,,,,,
109229,,,,,,,,,6319,22637,11894,15149,32360,36181,28397,,,,,,,,,,,
109247,,,,,,,,,17,,,,,,,,,,,,,,,,,
109270,,,,,,,,,545,723,171,288,355,250,83,,,,,,,,,,,
109292,,,,,,,,,22,,,,,,,,,,,,,,,,,
109554,,,,,,,,,,,,,,,,,,,,,,,,,,
109555,,,,,,,,,21,,,,272,,,,,,,,,,,,,
109557,,,,,,,,,,,,,,,,,,,,,,,,,,
109569,,,,,,,,,60,125,3,,,,,,,,,,,,,,,
109604,,,,,,,,,,,,,,,,,,,,,,,,,,
109615,,,,,,,,,,567,,,,,,,,,,,,,,,,
109624,,,,,,,,,,448,156,184,176,150,125,,,,,,,,,,,
109642,,,,,,,,,140,,,,,,,,,,,,,,,,,
109644,,,,,,,,,58,,,,,,,,,,,,,,,,,
109658,,,,,,,,,,,,,,,,,,,,,,,,,,
109662,,,,,,,,,156,,26,,,,,,,,,,,,,,,
109729,,,,,,,,,67,,,,,,,,,,,,,,,,,
109761,,,,,,,,,1458,,10,,,,,,,,,,,,,,,
109762,,,,,,,,,24,,,,,,,,,,,,,,,,,
109769,,,,,,,,,86,,,,,,,,,,,,,,,,,
109809,,,,,,,,,92,,,,,,,,,,,,,,,,,
109826,,,,,,,,,,,,,,,,,,,,,,,,,,
109830,,,,,,,,,54,,,,,,,,,,,,,,,,,
109888,,,,,,,,,315,,,,,,,,,,,,,,,,,
109889,,,,,,,,,,31,,,,,,,,,,,,,,,,
109953,,,,,,,,,,,,,,,,,,,,,,,,,,
110026,,,,,,,,,,90,,,,,,,,,,,,,,,,
110051,,,,,,,,,,,,,,,,,,,,,,,,,,
110069,,,,,,,,,26,,,,,,,,,,,,,,,,,
110086,,,,,,,,,,88,,,,,,,,,,,,,,,,
110110,,,,,,,,,,,,,,,,,,,,,,,,,,
110146,,,,,,,,,56,,,,,,,,,,,,,,,,,
110166,,,,,,,,,121,,,,,,,,,,,,,,,,,
110211,,,,,,,,,,,,,,,,,,,,,,,,,,
110268,,,,,,,,,268,,,,,,,,,,,,,,,,,
110314,,,,,,,,,,136,,1658,676,580,625,,,,,,,,,,,
110330,,,,,,,,,,163,,,,,,,,,,,,,,,,
110426,,,,,,,,,2574,2356,1260,1233,1039,1263,,1359,,,,,,,,,,
110456,,,,,,,,,,541,62,,58,,,,,,,,,,,,,
110532,,,,,,,,,295,,,,,,,,,,,,,,,,,
110551,,,,,,,,,,,,,,,,,,,,,,,,,,
110559,,,,,,,,,,,,,,,,,,,,,,,,,,
110579,,,,,,,,,,,31,,,,,,,,,,,,,,,
110599,,,,,,,,,,,,,,,,,,,,,,,,,,
110602,,,,,,,,,15,,,,,,,,,,,,,,,,,
110603,,,,,,,,,,,,,,,,,,,,,,,,,,
110609,,,,,,,,,,16,,,,,,,,,,,,,,,,
110610,,,,,,,,,,,,,,,,,,,,,,,,,,
110612,,,,,,,,,,,,,,,,,,,,,,,,,,
110613,,,,,,,,,,840,315,,645,1577,537,,,,,,,,,,,
110615,,,,,,,,,,,,,,,,,,,,,,,,,,
110616,,,,,,,,,24,,,,,,,,,,,,,,,,,
110626,,,,,,,,,,2,,,,,,,,,,,,,,,,
110632,,,,,,,,,,,,,,,,,,,,,,,,,,
110643,,,,,,,,,61,,,,,,,,,,,,,,,,,
110663,,,,,,,,,51,,,,,,,,,,,,,,,,,
110711,,,,,,,,,,,1161,,,,,,,,,,,,,,,
110723,,,,,,,,,,,,,,,,,,,,,,,,,,
110786,,,,,,,,,,33427,1992,4433,4471,2696,,,,,,,,,,,,
110791,,,,,,,,,,,,,,,,,,,,,,,,,,
110810,,,,,,,,,,,,,,,,,,,,,,,,,,
110831,,,,,,,,,,,,,,,,,,,,,,,,,,
110877,,,,,,,,,9,,,,,,,,,,,,,,,,,
110950,,,,,,,,,,,,,,,,,,,,,,,,,,
110989,,,,,,,,,,,,,,,,,,,,,,,,,,
111076,,,,,,,,,98,,,,,,,,,,,,,,,,,
111166,,,,,,,,,39,,,,,,,,,,,,,,,,,
111177,,,,,,,,,52,,,,,,,,,,,,,,,,,
111219,,,,,,,,,,153,,,,50,129,6,,,,,,,,,,
111243,,,,,,,,,,,,,,,,,,,,,,,,,,
111292,,,,,,,,,,,,,,,,,,,,,,,,,,
111304,,,,,,,,,,777,300,303,,,,,,,,,,,,,,
111345,,,,,,,,,,142,,,,,,,,,,,,,,,,
111359,,,,,,,,,,,,,,,,,,,,,,,,,,
111412,,,,,,,,,,,,,,,,,,,,,,,,,,
111464,,,,,,,,,,202,,,,,,,,,,,,,,,,
111478,,,,,,,,,,691657,371341,423914,413706,437830,288375,,,,,,,,,,,
111490,,,,,,,,,,3138,9910,25716,,94484,34241,6495,,,,,,,,,,
111491,,,,,,,,,,,,,,,,,,,,,,,,,,
111565,,,,,,,,,,,,,,,,,,,,,,,,,,
111609,,,,,,,,,,,,,,,,,,,,,,,,,,
111665,,,,,,,,,16,,,,,,,,,,,,,,,,,
111755,,,,,,,,,,19516,7396,7507,6846,7417,7812,,,,,,,,,,,
111759,,,,,,,,,,10,,,,,,,,,,,,,,,,
111763,,,,,,,,,,,,,,,,,,,,,,,,,,
111776,,,,,,,,,,16,,,,,,,,,,,,,,,,
111790,,,,,,,,,,,1119,,,,,,,,,,,,,,,
111839,,,,,,,,,32,,,,,,,,,,,,,,,,,
111882,,,,,,,,,,1000,123,50,,378,354,438,,,,,,,,,,
111886,,,,,,,,,,14836,17707,19381,22294,14685,14390,1723,,,,,,,,,,
111892,,,,,,,,,,,,,,,,,,,,,,,,,,
112025,,,,,,,,,,2492,786,802,1082,962,912,1133,,,,,,,,,,
112105,,,,,,,,,,,,,,,,,,,,,,,,,,
112146,,,,,,,,,,46,,,,,,,,,,,,,,,,
112148,,,,,,,,,,805,,,,,,,,,,,,,,,,
1121625,,,,,,,,,,,,,,,,,,,,,,,,,,
112173,,,,,,,,,,746,149,85,236,387,,311,,,,,,,,,,
112246,,,,,,,,,,,,,,,,,,,,,,,,,,
112346,,,,,,,,,,230,,,,,,,,,,,,,,,,
112372,,,,,,,,,,1468,288,543,679,,,,,,,,,,,,,
112384,,,,,,,,,,18,,,,,,,,,,,,,,,,
112438,,,,,,,,,,,,,,,,,,,,,,,,,,
112439,,,,,,,,,,11,,,,,,,,,,,,,,,,
112502,,,,,,,,,,10497,,,,,,,,,,,,,,,,
112514,,,,,,,,,,85630,97944,183031,250080,,,,,,,,,,,,,
112515,,,,,,,,,,377,197,51,34,163,123,,,,,,,,,,,
112546,,,,,,,,,,1650,1698,2103,2491,4357,4941,4096,,,,,,,,,,
112556,,,,,,,,,,56,14,,,12,10,,,,,,,,,,,
112565,,,,,,,,,,88,,42,79,1104,2045,,,,,,,,,,,
112569,,,,,,,,,,7836,20748,31772,35370,42224,49082,38325,,,,,,,,,,
112573,,,,,,,,,,226,59,,,,,,,,,,,,,,,
112590,,,,,,,,,,13959,,,,,,,,,,,,,,,,
112603,,,,,,,,,,367,323,299,356,,,,,,,,,,,,,
112608,,,,,,,,,,124,65,,55,170,83,,,,,,,,,,,
112621,,,,,,,,,,4468,1586,1656,2442,2091,2207,2577,,,,,,,,,,
112624,,,,,,,,,,1456,366,,,,,,,,,,,,,,,
112627,,,,,,,,,,11446,,6428,3929,,,,,,,,,,,,,
112628,,,,,,,,,,25,,,,,,,,,,,,,,,,
112632,,,,,,,,,,2016,,,,,,,,,,,,,,,,
112636,,,,,,,,,,470,494,,,,,,,,,,,,,,,
112638,,,,,,,,,,73,,,,,,,,,,,,,,,,
112639,,,,,,,,,,65,174,,,,,,,,,,,,,,,
112640,,,,,,,,,,61,60,69,59,94,81,,,,,,,,,,,
112641,,,,,,,,,,18,,,,,,,,,,,,,,,,
112642,,,,,,,,,,579,,,,,,,,,,,,,,,,
112645,,,,,,,,,,510,418,,,,,,,,,,,,,,,
112646,,,,,,,,,,79,,,,,,,,,,,,,,,,
112668,,,,,,,,,,119,127,,,,,,,,,,,,,,,
112669,,,,,,,,,,668,,,,,,,,,,,,,,,,
112670,,,,,,,,,,19225,10724,8409,4476,4117,3739,,,,,,,,,,,
112671,,,,,,,,,,1999,4240,5149,7606,5958,6044,,,,,,,,,,,
112675,,,,,,,,,,2946,,55,55,93,60,18,,,,,,,,,,
112677,,,,,,,,,,185,,,,,,,,,,,,,,,,
112680,,,,,,,,,,872,1117,669,,,,,,,,,,,,,,
112684,,,,,,,,,,522,123,,59,392,369,102,,,,,,,,,,
112686,,,,,,,,,,223,88,295,187,241,273,41,,,,,,,,,,
112687,,,,,,,,,,3451,8481,1588,45,27,,,,,,,,,,,,
112688,,,,,,,,,,344,297,197,218,,,,,,,,,,,,,
112689,,,,,,,,,,874,270,242,384,,,,,,,,,,,,,
112690,,,,,,,,,,25849,,,,,,,,,,,,,,,,
112692,,,,,,,,,,414,390,720,838,590,738,490,,,,,,,,,,
112693,,,,,,,,,,4098,,,,,,,,,,,,,,,,
112696,,,,,,,,,,277,,275,,,,,,,,,,,,,,
112697,,,,,,,,,,,122,,,,,,,,,,,,,,,
112698,,,,,,,,,,523,499,,,,,,,,,,,,,,,
112711,,,,,,,,,,35,,,,,,,,,,,,,,,,
112712,,,,,,,,,,,106,,,57,,,,,,,,,,,,
112713,,,,,,,,,,347,197,85,70,98,,,,,,,,,,,,
112714,,,,,,,,,,228,234,313,,,,,,,,,,,,,,
112715,,,,,,,,,,18,23,46,85,158,387,255,,,,,,,,,,
112716,,,,,,,,,,425,14,22,277,75,,,,,,,,,,,,
112717,,,,,,,,,,,9198,4772,4764,6545,7768,8057,,,,,,,,,,
112718,,,,,,,,,,379,165,151,44,,,,,,,,,,,,,
112719,,,,,,,,,,16878,4663,5661,1921,,,,,,,,,,,,,
112721,,,,,,,,,,,17966,,6733,,12410,,,,,,,,,,,
112722,,,,,,,,,,,1451,623,817,928,632,939,,,,,,,,,,
112724,,,,,,,,,,,274,87,33,,39,,,,,,,,,,,
112726,,,,,,,,,,,504,,,,,,,,,,,,,,,
112730,,,,,,,,,,,245,,,,,,,,,,,,,,,
112753,,,,,,,,,,,,,,,,,,,,,,,,,,
112768,,,,,,,,,,,1293,240,127,123,78,,,,,,,,,,,
112903,,,,,,,,,,,12,41,,34,29,,,,,,,,,,,
112907,,,,,,,,,,,561,640,550,503,538,,,,,,,,,,,
112914,,,,,,,,,,,1619,,,,,,,,,,,,,,,
112928,,,,,,,,,,,20383,7778,,,,,,,,,,,,,,
1131125,,,,,,,,,,,,,,,,,,,,,,,,,,
113172,,,,,,,,,,,319,,,,,,,,,,,,,,,
113230,,,,,,,,,,,8585,48,14,79,117,19,,,,,,,,,,
113236,,,,,,,,,,,58737,461778,1304405,2385511,2257586,660471,,,,,,,,,,
113240,,,,,,,,,,,,3,,,,,,,,,,,,,,
113254,,,,,,,,,,,462,43,,,,,,,,,,,,,,
113291,,,,,,,,,,,19928,45460,26202,31532,36650,2,,,,,,,,,,
113351,,,,,,,,,,,6240,7345,7515,8695,8648,,,,,,,,,,,
113378,,,,,,,,,,,1389,593,848,772,689,,,,,,,,,,,
113384,,,,,,,,,,,,1062,,,,284,,,,,,,,,,
113397,,,,,,,,,,,114468,960025,1325430,1494039,1276878,,,,,,,,,,,
113398,,,,,,,,,,,12378,188,,,,,,,,,,,,,,
113399,,,,,,,,,,,32958,7316,4103,2046,1657,364,,,,,,,,,,
113416,,,,,,,,,,,175,,,204,,,,,,,,,,,,
113417,,,,,,,,,,,4733,5428,7721,6718,4083,,,,,,,,,,,
113422,,,,,,,,,,,,2924,692,790,770,,,,,,,,,,,
113428,,,,,,,,,,,3842,,4387,,,,,,,,,,,,,
113430,,,,,,,,,,,,1350,1381,2196,,,,,,,,,,,,
113436,,,,,,,,,,,730,1225,2495,8055,,,,,,,,,,,,
113444,,,,,,,,,,,,93886,54881,,,,,,,,,,,,,
113445,,,,,,,,,,,22,,,,,,,,,,,,,,,
113446,,,,,,,,,,,,,,4068,,,,,,,,,,,,
113450,,,,,,,,,,,7897,7359,8301,8091,8161,,,,,,,,,,,
113456,,,,,,,,,,,,8394,,4553,2761,,,,,,,,,,,
113461,,,,,,,,,,,196,,,170,249,,,,,,,,,,,
113464,,,,,,,,,,,,1890,368,,,,,,,,,,,,,
113469,,,,,,,,,,,,416,87,464,211,,,,,,,,,,,
113729,,,,,,,,,,,,695,444,394,,589,,,,,,,,,,
113788,,,,,,,,,,,,116,302,252,80,,,,,,,,,,,
113909,,,,,,,,,,,,86,,,,,,,,,,,,,,
114149,,,,,,,,,,,,,,,,,,,,,,,,,,
114228,,,,,,,,,,,,253,355,328,265,,,,,,,,,,,
114530,,,,,,,,,,,,,,,,,,,,,,,,,,
114548,,,,,,,,,,,,8098,,,,,,,,,,,,,,
114550,,,,,,,,,,,,110,,,,,,,,,,,,,,
114611,,,,,,,,,,,,257,79,138,172,,,,,,,,,,,
114631,,,,,,,,,,,,652,543,639,963,257,,,,,,,,,,
114648,,,,,,,,,,,,71,,,,,,,,,,,,,,
114776,,,,,,,,,,,,2168,988,,,,,,,,,,,,,
114874,,,,,,,,,,,,5500,10297,6839,4449,2797,,,,,,,,,,
114888,,,,,,,,,,,,3125,753,851,0,,,,,,,,,,,
114912,,,,,,,,,,,,29,96,,4,,,,,,,,,,,
114916,,,,,,,,,,,,,564,274,42,32,,,,,,,,,,
114917,,,,,,,,,,,,,3674,518,114,14,,,,,,,,,,
114918,,,,,,,,,,,,194,,,,,,,,,,,,,,
114931,,,,,,,,,,,,3,,,,,,,,,,,,,,
114938,,,,,,,,,,,,33,,,,,,,,,,,,,,
114941,,,,,,,,,,,,3514,54343,77661,63901,,,,,,,,,,,
114942,,,,,,,,,,,,,76,,,,,,,,,,,,,
114952,,,,,,,,,,,,,1897,,,,,,,,,,,,,
114957,,,,,,,,,,,,582,1350,2815,463,596,,,,,,,,,,
114970,,,,,,,,,,,,32280,70004,1533,,,,,,,,,,,,
114972,,,,,,,,,,,,14,,,,,,,,,,,,,,
114992,,,,,,,,,,,,5493,2005,4122,4922,,,,,,,,,,,
115000,,,,,,,,,,,,33713,100001,,,,,,,,,,,,,
115003,,,,,,,,,,,,,1531,2530,235,1750,,,,,,,,,,
115007,,,,,,,,,,,,208,58,111,93,,,,,,,,,,,
115008,,,,,,,,,,,,609,,1325,804,,,,,,,,,,,
115009,,,,,,,,,,,,615,613,,,,,,,,,,,,,
115028,,,,,,,,,,,,,978,6,,,,,,,,,,,,
115048,,,,,,,,,,,,985,2621,2869,2367,,,,,,,,,,,
115049,,,,,,,,,,,,50,242,,,,,,,,,,,,,
115056,,,,,,,,,,,,,73,69,132,,,,,,,,,,,
115057,,,,,,,,,,,,19,,,,,,,,,,,,,,
115069,,,,,,,,,,,,153,39,131,194,157,,,,,,,,,,
115074,,,,,,,,,,,,70,125,,,,,,,,,,,,,
115081,,,,,,,,,,,,526,,,,,,,,,,,,,,
115082,,,,,,,,,,,,1016,743,736,553,,,,,,,,,,,
115088,,,,,,,,,,,,64,202,53,32,,,,,,,,,,,
115090,,,,,,,,,,,,226,,,,,,,,,,,,,,
115109,,,,,,,,,,,,,11985,17008,,,,,,,,,,,,
115110,,,,,,,,,,,,,2128,2139,2552,,,,,,,,,,,
115154,,,,,,,,,,,,,4293,2715,2420,1959,,,,,,,,,,
115188,,,,,,,,,,,,,4647,,821,,,,,,,,,,,
115209,,,,,,,,,,,,,6823,,,,,,,,,,,,,
115248,,,,,,,,,,,,,136,,,,,,,,,,,,,
115289,,,,,,,,,,,,,76,,,,,,,,,,,,,
115308,,,,,,,,,,,,,66,,,,,,,,,,,,,
115588,,,,,,,,,,,,,174,125,119,,,,,,,,,,,
115590,,,,,,,,,,,,,13281,5175,5573,5462,,,,,,,,,,
115648,,,,,,,,,,,,,996,116,135,,,,,,,,,,,
115650,,,,,,,,,,,,,138,,,,,,,,,,,,,
115652,,,,,,,,,,,,,35,,58,,,,,,,,,,,
115663,,,,,,,,,,,,,34,,,,,,,,,,,,,
115788,,,,,,,,,,,,,,,,,,,,,,,,,,
115810,,,,,,,,,,,,,9,,,,,,,,,,,,,
115811,,,,,,,,,,,,,,,,,,,,,,,,,,
115848,,,,,,,,,,,,,106,,,,,,,,,,,,,
115868,,,,,,,,,,,,,7,,,,,,,,,,,,,
115871,,,,,,,,,,,,,892,315,,,,,,,,,,,,
115874,,,,,,,,,,,,,2110,,,,,,,,,,,,,
115904,,,,,,,,,,,,,422,783,684,,,,,,,,,,,
115906,,,,,,,,,,,,,70,,,,,,,,,,,,,
115910,,,,,,,,,,,,,91,,,,,,,,,,,,,
115977,,,,,,,,,,,,,50,,,,,,,,,,,,,
116008,,,,,,,,,,,,,,164,,,,,,,,,,,,
116011,,,,,,,,,,,,,1100,,,,,,,,,,,,,
116012,,,,,,,,,,,,,8006,8515,7961,,,,,,,,,,,
116013,,,,,,,,,,,,,,,1574,540,,,,,,,,,,
116019,,,,,,,,,,,,,102,,,,,,,,,,,,,
116025,,,,,,,,,,,,,31,,,,,,,,,,,,,
116036,,,,,,,,,,,,,38,110,71,,,,,,,,,,,
116037,,,,,,,,,,,,,556,488,548,,,,,,,,,,,
116041,,,,,,,,,,,,,229,134,238,,,,,,,,,,,
116047,,,,,,,,,,,,,,,,,,,,,,,,,,
116057,,,,,,,,,,,,,3839,27610,74480,46847,,,,,,,,,,
116071,,,,,,,,,,,,,,13660,,,,,,,,,,,,
116088,,,,,,,,,,,,,1804,10538,2549,,,,,,,,,,,
116094,,,,,,,,,,,,,214,657,676,553,,,,,,,,,,
116096,,,,,,,,,,,,,1900,30030,37996,32003,,,,,,,,,,
116099,,,,,,,,,,,,,26,,,,,,,,,,,,,
116100,,,,,,,,,,,,,766,,,,,,,,,,,,,
116101,,,,,,,,,,,,,8,,,,,,,,,,,,,
116102,,,,,,,,,,,,,30,,,,,,,,,,,,,
116108,,,,,,,,,,,,,,31,,,,,,,,,,,,
116109,,,,,,,,,,,,,34,,,,,,,,,,,,,
116111,,,,,,,,,,,,,14323,13284,,,,,,,,,,,,
116113,,,,,,,,,,,,,92,10,,,,,,,,,,,,
116114,,,,,,,,,,,,,,31,,,,,,,,,,,,
116116,,,,,,,,,,,,,3556,,1892,1601,,,,,,,,,,
116117,,,,,,,,,,,,,,,,,,,,,,,,,,
116118,,,,,,,,,,,,,36,,,,,,,,,,,,,
116120,,,,,,,,,,,,,,5,,,,,,,,,,,,
116130,,,,,,,,,,,,,49,,,,,,,,,,,,,
116131,,,,,,,,,,,,,,,,,,,,,,,,,,
116132,,,,,,,,,,,,,1273,,,,,,,,,,,,,
116134,,,,,,,,,,,,,140,188,,,,,,,,,,,,
116135,,,,,,,,,,,,,116,,,,,,,,,,,,,
116136,,,,,,,,,,,,,117,145,117,,,,,,,,,,,
116137,,,,,,,,,,,,,173,,,,,,,,,,,,,
116140,,,,,,,,,,,,,8345,6431,,,,,,,,,,,,
116141,,,,,,,,,,,,,35,,,,,,,,,,,,,
116142,,,,,,,,,,,,,106,,,,,,,,,,,,,
116144,,,,,,,,,,,,,13925,14248,11799,,,,,,,,,,,
116151,,,,,,,,,,,,,,12,,,,,,,,,,,,
116156,,,,,,,,,,,,,,1011,413,,,,,,,,,,,
116168,,,,,,,,,,,,,,32,,,,,,,,,,,,
116173,,,,,,,,,,,,,,25,,,,,,,,,,,,
116177,,,,,,,,,,,,,,400,,,,,,,,,,,,
116229,,,,,,,,,,,,,,8,,,,,,,,,,,,
116231,,,,,,,,,,,,,,56,,,,,,,,,,,,
116232,,,,,,,,,,,,,,143,,,,,,,,,,,,
116292,,,,,,,,,,,,,,79,36,,,,,,,,,,,
116313,,,,,,,,,,,,,,16,,,,,,,,,,,,
116321,,,,,,,,,,,,,,5384,2876,,,,,,,,,,,
116322,,,,,,,,,,,,,,142,,,,,,,,,,,,
116323,,,,,,,,,,,,,,,12720,,,,,,,,,,,
116333,,,,,,,,,,,,,,,,,,,,,,,,,,
116343,,,,,,,,,,,,,,53,,,,,,,,,,,,
116344,,,,,,,,,,,,,,,,,,,,,,,,,,
116352,,,,,,,,,,,,,,9,,,,,,,,,,,,
116363,,,,,,,,,,,,,,65806,77906,,,,,,,,,,,
116367,,,,,,,,,,,,,,22,,,,,,,,,,,,
116382,,,,,,,,,,,,,,49,24,,,,,,,,,,,
116386,,,,,,,,,,,,,,389,122,,,,,,,,,,,
116409,,,,,,,,,,,,,,175,174,,,,,,,,,,,
116440,,,,,,,,,,,,,,,,,,,,,,,,,,
116506,,,,,,,,,,,,,,14,,,,,,,,,,,,
116518,,,,,,,,,,,,,,52,,,,,,,,,,,,
116519,,,,,,,,,,,,,,245,163,,,,,,,,,,,
116533,,,,,,,,,,,,,,198,166,98,,,,,,,,,,
116541,,,,,,,,,,,,,,3222457,4061116,1112309,,,,,,,,,,
116548,,,,,,,,,,,,,,329,139,,,,,,,,,,,
116568,,,,,,,,,,,,,,35036,269177,125889,,,,,,,,,,
116572,,,,,,,,,,,,,,8014,7638,,,,,,,,,,,
116573,,,,,,,,,,,,,,,2253798,846695,,,,,,,,,,
116577,,,,,,,,,,,,,,7208,12671,,,,,,,,,,,
116581,,,,,,,,,,,,,,799,,,,,,,,,,,,
116584,,,,,,,,,,,,,,,,,,,,,,,,,,
116588,,,,,,,,,,,,,,1501,1468,1412,,,,,,,,,,
116601,,,,,,,,,,,,,,9427,,,,,,,,,,,,
116602,,,,,,,,,,,,,,124,,80,,,,,,,,,,
116605,,,,,,,,,,,,,,6645,,,,,,,,,,,,
116613,,,,,,,,,,,,,,1499,2644,700,,,,,,,,,,
116625,,,,,,,,,,,,,,412,,,,,,,,,,,,
116652,,,,,,,,,,,,,,558,,,,,,,,,,,,
116653,,,,,,,,,,,,,,4552,7645,7308,,,,,,,,,,
116680,,,,,,,,,,,,,,12947,25205,12233,,,,,,,,,,
116684,,,,,,,,,,,,,,265,261,,,,,,,,,,,
116690,,,,,,,,,,,,,,,,,,,,,,,,,,
116693,,,,,,,,,,,,,,,3013,,,,,,,,,,,
116713,,,,,,,,,,,,,,,224,,,,,,,,,,,
116764,,,,,,,,,,,,,,,526,,,,,,,,,,,
116826,,,,,,,,,,,,,,,177,,,,,,,,,,,
117026,,,,,,,,,,,,,,,,257,,,,,,,,,,
117187,,,,,,,,,,,,,,,163632,,,,,,,,,,,
117606,,,,,,,,,,,,,,,,11953,,,,,,,,,,
117866,,,,,,,,,,,,,,,15,,,,,,,,,,,
117986,,,,,,,,,,,,,,,13286,3037,,,,,,,,,,
118146,,,,,,,,,,,,,,,,,,,,,,,,,,
118226,,,,,,,,,,,,,,,139,,,,,,,,,,,
118406,,,,,,,,,,,,,,,166,,,,,,,,,,,
118586,,,,,,,,,,,,,,,2599,2403,,,,,,,,,,
118766,,,,,,,,,,,,,,,,,,,,,,,,,,
118786,,,,,,,,,,,,,,,1673,,,,,,,,,,,
119006,,,,,,,,,,,,,,,,,,,,,,,,,,
119048,,,,,,,,,,,,,,,4422,,,,,,,,,,,
119066,,,,,,,,,,,,,,,105,,,,,,,,,,,
119127,,,,,,,,,,,,,,,20205,8002,,,,,,,,,,
119132,,,,,,,,,,,,,,,322,114,,,,,,,,,,
119207,,,,,,,,,,,,,,,1181,152,,,,,,,,,,
119246,,,,,,,,,,,,,,,145,,,,,,,,,,,
119386,,,,,,,,,,,,,,,316,,,,,,,,,,,
119406,,,,,,,,,,,,,,,,51,,,,,,,,,,
119409,,,,,,,,,,,,,,,5917,8748,,,,,,,,,,
119566,,,,,,,,,,,,,,,,2250,,,,,,,,,,
191125,,,,,,,,,,,,,,,,405,,,,,,,,,,
591125,,,,,,,,,,,,,,,,,,,,,,,,,,
681125,,,,,,,,,,,,,,,,110,,,,,,,,,,
861625,,,,,,,,,,,,,,,,10373,,,,,,,,,,
90030,,,,,,,,205158,,264187,,,,,,,,,,,,,,,,
90050,,,,,,,,19972,,22659,10913,17841,2707,1501,1326,,,,,,,,,,,
90070,,,,,,,,286527,,537629,285839,285529,321002,365183,415031,9199,,,,,,,,,,
90090,,,,,,,,196,,,,,,,,,,,,,,,,,,
90092,,,,,,,,3769484,,5039123,2428126,2318274,2386841,2360413,2494900,1206276,,,,,,,,,,
90093,,,,,,,,,,,,,,,,,,,,,,,,,,
90094,,,,,,,,,120,,,,,,,,,,,,,,,,,
90096,,,,,,,,43036,,76743,28248,31212,,,,,,,,,,,,,,
90097,,,,,,,,47432,,78638,33518,46814,38899,38080,34058,,,,,,,,,,,
90098,,,,,,,,160916,,38788,,,,,,,,,,,,,,,,
90099,,,,,,,,55,,,,,,,,,,,,,,,,,,
90100,,,,,,,,1287,,,,,,,,,,,,,,,,,,
90101,,,,,,,,167,,166,43,112,116,138,147,270,,,,,,,,,,
90102,,,,,,,,327,,195,205,,,,,,,,,,,,,,,
90103,,,,,,,,328,,,,,,,,,,,,,,,,,,
90104,,,,,,,,346,,,,,,,,,,,,,,,,,,
90107,,,,,,,,1,13,,,,,,,,,,,,,,,,,
90110,,,,,,,,86,,,,,,,,,,,,,,,,,,
90111,,,,,,,,860669,,1258033,890632,988568,1051722,1169842,1251958,400826,,,,,,,,,,
90112,,,,,,,,278,,,,,,,,,,,,,,,,,,
90130,,,,,,,,188181,,264945,149548,146784,125682,120564,,139952,,,,,,,,,,
90131,,,,,,,,194,,40,143,72,66,60,,,,,,,,,,,,
90132,,,,,,,,95,,200,267,165,213,128,977,,,,,,,,,,,
90151,,,,,,,,192045,,248843,134881,119720,137565,127007,109208,31519,,,,,,,,,,
90152,,,,,,,,38029,,28356,5339,4605,5064,2460,4779,1824,,,,,,,,,,
90153,,,,,,,,208971,,379108,269194,434073,618177,605126,483240,142674,,,,,,,,,,
90154,,,,,,,,260886,,555727,295621,313251,296653,309544,311340,1645,,,,,,,,,,
90155,,,,,,,,132994,,530442,61695,,,,,,,,,,,,,,,
90156,,,,,,,,525,,,,,,,,,,,,,,,,,,
90157,,,,,,,,203267,,19966,10809,12458,14673,7584,11246,7360,,,,,,,,,,
90158,,,,,,,,513,,1141,855,640,486,163,113,52,,,,,,,,,,
90170,,,,,,,,589,,,,,,,,,,,,,,,,,,
90173,,,,,,,,425,,548,374,198,366,391,444,,,,,,,,,,,
90174,,,,,,,,1813,,3647,1858,1648,1562,1518,1535,788,,,,,,,,,,
90175,,,,,,,,39264,,95050,54252,64076,86709,98539,103829,,,,,,,,,,,
90190,,,,,,,,905,,791,771,864,493,343,661,162,,,,,,,,,,
90191,,,,,,,,631,,,,,,,,,,,,,,,,,,
90210,,,,,,,,,,,,,,,,,,,,,,,,,,
90211,,,,,,,,84327,,179043,95773,114282,123453,107664,107124,73140,,,,,,,,,,
90213,,,,,,,,225354,,434042,224609,203627,201478,238429,240883,82965,,,,,,,,,,
90214,,,,,,,,73,,,,,,,,,,,,,,,,,,
90216,,,,,,,,139721,,,,,,,,,,,,,,,,,,
90231,,,,,,,,26832,,13687,10139,10271,11763,12609,12348,,,,,,,,,,,
90232,,,,,,,,220,,,,,,,,,,,,,,,,,,
90233,,,,,,,,33878,,,,,,,,,,,,,,,,,,
90234,,,,,,,,1097535,,2348931,1548220,1832991,2083183,2314873,2371740,,,,,,,,,,,
90235,,,,,,,,3969,,,,,,,,,,,,,,,,,,
90236,,,,,,,,69007,,52174,55493,72695,68441,,15963,,,,,,,,,,,
90239,,,,,,,,124539,,,,,,,,,,,,,,,,,,
90240,,,,,,,,1093,,472,,747,961,1015,1242,,,,,,,,,,,
90241,,,,,,,,1891413,,3044704,1569239,1649880,1769283,1825164,1889344,859634,,,,,,,,,,
90242,,,,,,,,,,,,,,,,,,,,,,,,,,
90243,,,,,,,,306681,,202392,106126,122573,126844,64935,74167,9473,,,,,,,,,,
90244,,,,,,,,165886,,315510,167041,147180,126654,176747,164954,110385,,,,,,,,,,
90245,,,,,,,,1696576,,3904025,1996198,1373324,1242919,1287963,1324625,15039,,,,,,,,,,
90246,,,,,,,,52045,,103105,44344,38401,42099,52388,56547,53457,,,,,,,,,,
90250,,,,,,,,1499174,,366839,177450,179547,188457,198261,198081,,,,,,,,,,,
90251,,,,,,,,,,,,,,,,,,,,,,,,,,
90252,,,,,,,,11080,,19919,11014,7647,9008,,,,,,,,,,,,,
90254,,,,,,,,332763,,732454,425528,503641,527422,501307,567632,167534,,,,,,,,,,
90255,,,,,,,,71482,,126013,88387,135814,78572,84099,723,,,,,,,,,,,
90256,,,,,,,,20667,,25983,12514,14699,17854,14955,11850,,,,,,,,,,,
90270,,,,,,,,383,,681,322,262,253,314,233,,,,,,,,,,,
90271,,,,,,,,843973,,6647,3285,2558,2232,1388,1712,142,,,,,,,,,,
90272,,,,,,,,378801,,217,50,45,25,,202,,,,,,,,,,,
90273,,,,,,,,796939,,6170,3012,3767,2553,4150,3493,1099,,,,,,,,,,
90274,,,,,,,,1054,,1978,,,,,,,,,,,,,,,,
90290,,,,,,,,576,,,,,,,,,,,,,,,,,,
90291,,,,,,,,162354,,,,,,,,,,,,,,,,,,
90310,,,,,,,,98,,,,,,,,,,,,,,,,,,
90330,,,,,,,,99,,,,,,,,,,,,,,,,,,
90350,,,,,,,,112,,105,104,63,183,190,,,,,,,,,,,,
90351,,,,,,,,137327,,329992,261971,368624,375859,432598,449250,197385,,,,,,,,,,
90352,,,,,,,,170,,,,,,,,,,,,,,,,,,
90354,,,,,,,,353142,,53482,19283,24181,9148,8135,,,,,,,,,,,,
90355,,,,,,,,478,,885,390,287,315,504,,83,,,,,,,,,,
90356,,,,,,,,79,,2484,502,591,633,526,558,418,,,,,,,,,,
90357,,,,,,,,132,,211,107,227,474,167,153,,,,,,,,,,,
90358,,,,,,,,107508,,241006,116559,118957,124735,137006,130566,84657,,,,,,,,,,
90359,,,,,,,,556,,,,,,,,,,,,,,,,,,
90360,,,,,,,,,112,,,,,,,,,,,,,,,,,
90361,,,,,,,,286,,672,403,354,334,417,334,,,,,,,,,,,
90362,,,,,,,,46504,,,,,,,,,,,,,,,,,,
90363,,,,,,,,474499,,836972,375134,450780,575954,685906,749140,16875,,,,,,,,,,
90364,,,,,,,,393,320,,,,,,,,,,,,,,,,,
90365,,,,,,,,121298,,194852,128883,157781,161142,167708,182863,54958,,,,,,,,,,
90366,,,,,,,,126,,170,240,,140,134,,,,,,,,,,,,
90367,,,,,,,,16336,,49781,28548,29751,31631,38529,37835,42673,,,,,,,,,,
90368,,,,,,,,692,,2,,,,,,,,,,,,,,,,
90370,,,,,,,,424,,613,141,,,,,,,,,,,,,,,
90371,,,,,,,,3,,,,,,,,,,,,,,,,,,
90372,,,,,,,,446,350,,,,,,,,,,,,,,,,,
90373,,,,,,,,1416,197,15888,7866,6400,8811,10624,14376,11962,,,,,,,,,,
90375,,,,,,,,72,1859,3354,1563,,,,,,,,,,,,,,,
90390,,,,,,,,1256311,,18861,11595,10036,8185,1137,1128,235,,,,,,,,,,
90391,,,,,,,,1336,,1490,592,474,441,1797,615,265,,,,,,,,,,
90392,,,,,,,,10504,,17738,8188,7864,8027,7668,7706,,,,,,,,,,,
90393,,,,,,,,107,,,,,,,,,,,,,,,,,,
90410,,,,,,,,202,,,,,,,,,,,,,,,,,,
90411,,,,,,,,4504,,12506,7505,8423,10094,11735,10369,7825,,,,,,,,,,
90412,,,,,,,,148,,210,,,19,,71,,,,,,,,,,,
90413,,,,,,,,82811,,32,45,17,96,66,77,,,,,,,,,,,
90414,,,,,,,,916,,2261,543,,90,670,,,,,,,,,,,,
90415,,,,,,,,,,,,,,,,,,,,,,,,,,
90416,,,,,,,,2439688,,3712594,1723693,1741460,15390,,,,,,,,,,,,,
90417,,,,,,,,362,,,,,,,,,,,,,,,,,,
90418,,,,,,,,262326,,63252,,,,,,,,,,,,,,,,
90419,,,,,,,,85,,,,,,,,,,,,,,,,,,
90420,,,,,,,,756,,1740,1094,995,1625,1034,1012,871,,,,,,,,,,
90421,,,,,,,,343,,420,471,126,194,257,531,,,,,,,,,,,
90422,,,,,,,,4932287,,8384643,3829975,3815414,3969395,4349401,4373134,1454393,,,,,,,,,,
90423,,,,,,,,828384,,1450145,720504,763086,819688,874529,913486,276140,,,,,,,,,,
90424,,,,,,,,1620,,2300,1229,1019,1071,1210,,,,,,,,,,,,
90425,,,,,,,,4464,4201,,418,1501,1550,1313,1089,894,,,,,,,,,,
90426,,,,,,,,130,,,,,,,,,,,,,,,,,,
90427,,,,,,,,72003,,167519,84448,86588,108239,,,,,,,,,,,,,
90428,,,,,,,,11,,,,,,,,,,,,,,,,,,
90429,,,,,,,,19,,,,,,,,,,,,,,,,,,
90430,,,,,,,,666575,,1984765,1402800,1155257,702022,11906,13066,20357,,,,,,,,,,
90431,,,,,,,,131,,18,,,,,,,,,,,,,,,,
90470,,,,,,,,69,,,,,,,,,,,,,,,,,,
90490,,,,,,,,179,772,,,,,,,,,,,,,,,,,
90491,,,,,,,,214,,,,,339,448,349,,,,,,,,,,,
90492,,,,,,,,5,,,,,,,,,,,,,,,,,,
90510,,,,,,,,40,,,,,,,,,,,,,,,,,,
90511,,,,,,,,78,,114,95,,74,112,103,,,,,,,,,,,
90513,,,,,,,,3433,,5530,1113,1263,944,1053,743,217,,,,,,,,,,
90530,,,,,,,,,,,,,,,,,,,,,,,,,,
90531,,,,,,,,22,,41,,,,,,,,,,,,,,,,
90532,,,,,,,,638631,3011,523844,262573,273306,339876,468397,450584,,,,,,,,,,,
90533,,,,,,,,415375,,596814,309492,340468,333426,345426,374668,136479,,,,,,,,,,
90551,,,,,,,,187879,,251245,164049,178704,232917,,5388,,,,,,,,,,,
90552,,,,,,,,1456459,,692860,351569,415117,458859,449295,,,,,,,,,,,,
90553,,,,,,,,,,,,,,,,,,,,,,,,,,
90554,,,,,,,,174877,,111205,28264,133684,239595,310097,330732,159385,,,,,,,,,,
90555,,,,,,,,812,,,,,,,,,,,,,,,,,,
90556,,,,,,,,3308,,49684,38235,40346,25296,20659,18008,18594,,,,,,,,,,
90557,,,,,,,,131741,,266733,132436,116162,134950,130158,110140,,,,,,,,,,,
90558,,,,,,,,210,,299,194,148,,,,,,,,,,,,,,
90559,,,,,,,,3621292,,4700985,2357470,2432546,2485804,2466820,2377900,863929,,,,,,,,,,
90560,,,,,,,,12118,,31160,18724,22345,26199,25120,24890,52776,,,,,,,,,,
90561,,,,,,,,4610751,,8822589,4711286,4996660,5389845,2977692,,,,,,,,,,,,
90562,,,,,,,,1859876,,61872,25598,24095,23877,26671,34758,39079,,,,,,,,,,
90563,,,,,,,,14,,12,,129,325,270,167,11,,,,,,,,,,
90564,,,,,,,,86193,,41422,,,,,,,,,,,,,,,,
90566,,,,,,,,468225,,1639,863,733,369,658,711,140,,,,,,,,,,
90567,,,,,,,,371,,2129,773,,1162,,1084,,,,,,,,,,,
90568,,,,,,,,147797,,297191,151345,163132,162020,160486,185472,,,,,,,,,,,
90569,,,,,,,,218,28,,,,,,,,,,,,,,,,,
90570,,,,,,,,27345,19051,3183,12673,11477,11348,11084,11759,5784,,,,,,,,,,
90571,,,,,,,,38,5,,,,,,,,,,,,,,,,,
90572,,,,,,,,330525,,480401,255813,253289,,,,,,,,,,,,,,
90573,,,,,,,,4,,,,,,,,,,,,,,,,,,
90574,,,,,,,,,,,,,,,,,,,,,,,,,,
90575,,,,,,,,836,,5802,1727,1227,983,1010,1724,1178,,,,,,,,,,
90576,,,,,,,,125473,,,2433,,,,,,,,,,,,,,,
90577,,,,,,,,33,,,,,,,,,,,,,,,,,,
90578,,,,,,,,2221,,2951,649,729,833,922,752,202,,,,,,,,,,
90579,,,,,,,,87,,,,,,,,,,,,,,,,,,
90580,,,,,,,,574,468,,,,,,,,,,,,,,,,,
90581,,,,,,,,312,,633,214,296,397,307,348,275,,,,,,,,,,
90582,,,,,,,,651332,,1350024,749210,798494,837657,894940,969351,990894,,,,,,,,,,
90585,,,,,,,,510,,,,,,,,,,,,,,,,,,
90605,,,,,,,,,,,,,,,,,,,,,,,,,,
90606,,,,,,,,239315,,,,142614,,,,,,,,,,,,,,
90607,,,,,,,,6358,,7344,5542,4647,5365,4565,5209,,,,,,,,,,,
90608,,,,,,,,69,,154,44,,87,72,131,,,,,,,,,,,
90625,,,,,,,,522,,420,106,142,,,,,,,,,,,,,,
90645,,,,,,,,18007,,39935,14065,15667,17114,16950,15999,16989,,,,,,,,,,
90665,,,,,,,,,,,,,,,,,,,,,,,,,,
90685,,,,,,,,1382,,2676,1262,985,,,,,,,,,,,,,,
90686,,,,,,,,21,,,,,,,,,,,,,,,,,,
90687,,,,,,,,13,,,,,,,,,,,,,,,,,,
90705,,,,,,,,297,,,,,,,,,,,,,,,,,,
90706,,,,,,,,641252,,536082,283467,311575,315154,302054,256331,240482,,,,,,,,,,
90725,,,,,,,,47200,,69777,29295,47917,37851,40700,,,,,,,,,,,,
90726,,,,,,,,6053,,6598,3068,3433,3241,3808,3449,1590,,,,,,,,,,
90727,,,,,,,,1678,,3412,,,,,,,,,,,,,,,,
90728,,,,,,,,,,,,,,,,,,,,,,,,,,
90730,,,,,,,,791,,,,,,,,,,,,,,,,,,
90731,,,,,,,,40971,,79648,39132,46941,54073,42838,82110,,,,,,,,,,,
90732,,,,,,,,,,46,,,,,,,,,,,,,,,,
90733,,,,,,,,,,,,,,,,,,,,,,,,,,
90734,,,,,,,,210,,,,,,,,,,,,,,,,,,
90735,,,,,,,,607178,,1364860,876953,831065,762864,741165,803635,307101,,,,,,,,,,
90745,,,,,,,,447613,,376404,214144,210786,200746,225981,264070,,,,,,,,,,,
90765,,,,,,,,758,,962,,,,,,,,,,,,,,,,
90766,,,,,,,,2,,,,,,,,,,,,,,,,,,
90767,,,,,,,,2345,,3932,1675,907,1055,1187,1198,1678,,,,,,,,,,
90768,,,,,,,,24,,,,104,,,,,,,,,,,,,,
90785,,,,,,,,625,,88,,182,216,,722,,,,,,,,,,,
90786,,,,,,,,702,,,,,,,,,,,,,,,,,,
90787,,,,,,,,,,,,,,,,,,,,,,,,,,
90788,,,,,,,,555,,,,,,,,,,,,,,,,,,
90805,,,,,,,,712,,,,,,,,,,,,,,,,,,
90806,,,,,,,,1163,,1940,880,1016,1028,972,984,1635,,,,,,,,,,
90807,,,,,,,,130931,,275390,154276,162454,171297,174695,178606,74828,,,,,,,,,,
90808,,,,,,,,88,,,,,,,,,,,,,,,,,,
90809,,,,,,,,411,809,,,,,,,,,,,,,,,,,
90825,,,,,,,,334,,,,,,,,,,,,,,,,,,
90827,,,,,,,,6678,,,,,,,,,,,,,,,,,,
90845,,,,,,,,144,,,,,,,,,,,,,,,,,,
90846,,,,,,,,,,1854,146,192,133,188,57,,,,,,,,,,,
90847,,,,,,,,1281902,,2164439,1160829,1115287,1216917,1370440,1416457,,,,,,,,,,,
90865,,,,,,,,398,,,,,,,,,,,,,,,,,,
90885,,,,,,,,227,,,,,,,,,,,,,,,,,,
90886,,,,,,,,,,,,,,,43604,42249,,,,,,,,,,
90887,,,,,,,,6597,,12340,13051,12462,35526,3464,4302,,,,,,,,,,,
90888,,,,,,,,544,,,,,,,,,,,,,,,,,,
90890,,,,,,,,,,12344,,,,,,,,,,,,,,,,
90891,,,,,,,,64,,1,,,,,,,,,,,,,,,,
90905,,,,,,,,70,,,260,401,,47,,,,,,,,,,,,
